Hall of Fame Tennis Championships
1991,07,14,1,Lundgren_Peter,Brown_Jimmy,Lundgren_Peter
1991,07,14,1,Rive_Joey,Martin_Todd,Martin_Todd
1991,07,14,1,Nizet_Alex,Wostenholme_Martin,Wostenholme_Martin
1991,07,14,1,Annacone_Paul,Holm_Henrik,Annacone_Paul
1991,07,14,1,Baur_Patrick,Shelton_Bryan,Shelton_Bryan
1991,07,14,1,Stark_Jonathan,Steel_Bruce,Stark_Jonathan
1991,07,14,1,Garnett_Bret,Kriek_Johan,Kriek_Johan
1991,07,14,1,Youl_Simon,VanRensburg_Christo,VanRensburg_Christo
1991,07,14,1,Goldie_Dan,Pozzi_Gianluca,Pozzi_Gianluca
1991,07,14,1,Orsanic_Daniel,Kratzmann_Mark,Kratzmann_Mark
1991,07,14,1,Reichel_Alexander,Montana_Francisco,Reichel_Alexander
1991,07,14,1,Evans_Keith,Eltingh_Jacco,Eltingh_Jacco
1991,07,14,1,Frana_Javier,Mercer_Tom,Frana_Javier
1991,07,14,1,Palmer_Jared,Steven_Brett,Palmer_Jared
1991,07,14,1,Layendecker_Glenn,Morgan_Jamie,Layendecker_Glenn
1991,07,14,1,Borwick_Neil,Saceanu_Christian,Saceanu_Christian
1991,07,14,2,Lundgren_Peter,Martin_Todd,Martin_Todd
1991,07,14,2,Wostenholme_Martin,Annacone_Paul,Wostenholme_Martin
1991,07,14,2,Shelton_Bryan,Stark_Jonathan,Shelton_Bryan
1991,07,14,2,Kriek_Johan,VanRensburg_Christo,VanRensburg_Christo
1991,07,14,2,Pozzi_Gianluca,Kratzmann_Mark,Kratzmann_Mark
1991,07,14,2,Reichel_Alexander,Eltingh_Jacco,Eltingh_Jacco
1991,07,14,2,Frana_Javier,Palmer_Jared,Frana_Javier
1991,07,14,2,Layendecker_Glenn,Saceanu_Christian,Layendecker_Glenn
1991,07,14,3,Martin_Todd,Wostenholme_Martin,Martin_Todd
1991,07,14,3,Shelton_Bryan,VanRensburg_Christo,Shelton_Bryan
1991,07,14,3,Kratzmann_Mark,Eltingh_Jacco,Kratzmann_Mark
1991,07,14,3,Frana_Javier,Layendecker_Glenn,Frana_Javier
1991,07,14,4,Martin_Todd,Shelton_Bryan,Shelton_Bryan
1991,07,14,4,Kratzmann_Mark,Frana_Javier,Frana_Javier
1991,07,14,5,Shelton_Bryan,Frana_Javier,Shelton_Bryan
