Aegon_Championships,2,1978,01,15,1,Ramirez_Raul,Amaya_Victor,Amaya_Victor
Aegon_Championships,2,1978,01,15,1,Zugarelli_Antonio,Okker_Tom,Okker_Tom
Aegon_Championships,2,1978,01,15,1,Fairlie_Brian,Amritraj_Vijay,Fairlie_Brian
Aegon_Championships,2,1978,01,15,1,Dibley_Colin,Cox_Mark,Dibley_Colin
Aegon_Championships,2,1978,01,15,1,Borowiak_Jeff,Moor_Terry,Moor_Terry
Aegon_Championships,2,1978,01,15,1,Feaver_John,Lewis_Richard,Lewis_Richard
Aegon_Championships,2,1978,01,15,1,Carnahan_Scott,Frawley_Rod,Frawley_Rod
Aegon_Championships,2,1978,01,15,1,Taylor_Roger,Alexander_John,Alexander_John
Aegon_Championships,2,1978,01,15,1,McEnroe_John,Fleming_Peter,McEnroe_John
Aegon_Championships,2,1978,01,15,1,El_Shafei_Ismail,Warwick_Kim,El_Shafei_Ismail
Aegon_Championships,2,1978,01,15,1,Riessen_Marty,Teacher_Brian,Teacher_Brian
Aegon_Championships,2,1978,01,15,1,Mayer_Gene,Sanders_Louk,Mayer_Gene
Aegon_Championships,2,1978,01,15,1,Fillol_Sr_Jaime,Letcher_Cliff,Fillol_Sr_Jaime
Aegon_Championships,2,1978,01,15,1,Moore_Raymond,Rocavert_Terry,Moore_Raymond
Aegon_Championships,2,1978,01,15,1,Gullikson_Tom,Hagey_James_Chico,Gullikson_Tom
Aegon_Championships,2,1978,01,15,1,Lewis_NZL_Chris,Panatta_Adriano,Lewis_NZL_Chris
Aegon_Championships,2,1978,01,15,1,Gullikson_Tim,Martin_Billy,Martin_Billy
Aegon_Championships,2,1978,01,15,1,Dupre_Pat,Pecci_Sr_Victor,Pecci_Sr_Victor
Aegon_Championships,2,1978,01,15,1,Roche_Tony,Mitton_Bernard,Roche_Tony
Aegon_Championships,2,1978,01,15,1,Giltinan_Bob,Pfister_Henry,Pfister_Henry
Aegon_Championships,2,1978,01,15,1,Dent_Phil,Bengtson_Ove_Nils,Dent_Phil
Aegon_Championships,2,1978,01,15,1,Ruffels_Ray,Saviano_Nick,Saviano_Nick
Aegon_Championships,2,1978,01,15,1,Gunthardt_Heinz,Drysdale_Robin,Gunthardt_Heinz
Aegon_Championships,2,1978,01,15,1,James_John,Nastase_Ilie,James_John
Aegon_Championships,2,1978,01,15,1,Newcombe_John,Stewart_Sherwood,Newcombe_John
Aegon_Championships,2,1978,01,15,1,Crealy_Dick,Docherty_Steve,Crealy_Dick
Aegon_Championships,2,1978,01,15,1,Stone_Allan,Menon_Sashi,Stone_Allan
Aegon_Championships,2,1978,01,15,1,McNamara_Peter,Lloyd_John,Lloyd_John
Aegon_Championships,2,1978,01,15,1,Leonard_Tom,RogerVasselin_Christophe,RogerVasselin_Christophe
Aegon_Championships,2,1978,01,15,1,Case_Ross,Lloyd_David,Case_Ross
Aegon_Championships,2,1978,01,15,1,Prajoux_Belus,Feigl_Peter,Feigl_Peter
Aegon_Championships,2,1978,01,15,1,Winitsky_Van,Mayer_Sandy,Mayer_Sandy
Aegon_Championships,2,1978,01,15,2,Amaya_Victor,Okker_Tom,Amaya_Victor
Aegon_Championships,2,1978,01,15,2,Fairlie_Brian,Dibley_Colin,Dibley_Colin
Aegon_Championships,2,1978,01,15,2,Moor_Terry,Lewis_Richard,Moor_Terry
Aegon_Championships,2,1978,01,15,2,Frawley_Rod,Alexander_John,Alexander_John
Aegon_Championships,2,1978,01,15,2,McEnroe_John,El_Shafei_Ismail,McEnroe_John
Aegon_Championships,2,1978,01,15,2,Teacher_Brian,Mayer_Gene,Mayer_Gene
Aegon_Championships,2,1978,01,15,2,Fillol_Sr_Jaime,Moore_Raymond,Fillol_Sr_Jaime
Aegon_Championships,2,1978,01,15,2,Gullikson_Tom,Lewis_NZL_Chris,Gullikson_Tom
Aegon_Championships,2,1978,01,15,2,Martin_Billy,Pecci_Sr_Victor,Martin_Billy
Aegon_Championships,2,1978,01,15,2,Roche_Tony,Pfister_Henry,Roche_Tony
Aegon_Championships,2,1978,01,15,2,Dent_Phil,Saviano_Nick,Saviano_Nick
Aegon_Championships,2,1978,01,15,2,Gunthardt_Heinz,James_John,James_John
Aegon_Championships,2,1978,01,15,2,Newcombe_John,Crealy_Dick,Newcombe_John
Aegon_Championships,2,1978,01,15,2,Stone_Allan,Lloyd_John,Lloyd_John
Aegon_Championships,2,1978,01,15,2,RogerVasselin_Christophe,Case_Ross,Case_Ross
Aegon_Championships,2,1978,01,15,2,Feigl_Peter,Mayer_Sandy,Mayer_Sandy
Aegon_Championships,2,1978,01,15,3,Amaya_Victor,Dibley_Colin,Dibley_Colin
Aegon_Championships,2,1978,01,15,3,Moor_Terry,Alexander_John,Alexander_John
Aegon_Championships,2,1978,01,15,3,McEnroe_John,Mayer_Gene,McEnroe_John
Aegon_Championships,2,1978,01,15,3,Fillol_Sr_Jaime,Gullikson_Tom,Gullikson_Tom
Aegon_Championships,2,1978,01,15,3,Martin_Billy,Roche_Tony,Roche_Tony
Aegon_Championships,2,1978,01,15,3,Saviano_Nick,James_John,Saviano_Nick
Aegon_Championships,2,1978,01,15,3,Newcombe_John,Lloyd_John,Lloyd_John
Aegon_Championships,2,1978,01,15,3,Case_Ross,Mayer_Sandy,Mayer_Sandy
Aegon_Championships,2,1978,01,15,4,Dibley_Colin,Alexander_John,Dibley_Colin
Aegon_Championships,2,1978,01,15,4,McEnroe_John,Gullikson_Tom,McEnroe_John
Aegon_Championships,2,1978,01,15,4,Roche_Tony,Saviano_Nick,Roche_Tony
Aegon_Championships,2,1978,01,15,4,Lloyd_John,Mayer_Sandy,Mayer_Sandy
Aegon_Championships,2,1978,01,15,5,Dibley_Colin,McEnroe_John,McEnroe_John
Aegon_Championships,2,1978,01,15,5,Roche_Tony,Mayer_Sandy,Roche_Tony
Aegon_Championships,2,1978,01,15,6,McEnroe_John,Roche_Tony,Roche_Tony
