Aegon_Championships,2,1972,07,02,1,Smith_Stan,Zugarelli_Antonio,Smith_Stan
Aegon_Championships,2,1972,07,02,1,McMillan_Frew,PhillipsMoore_Barry,McMillan_Frew
Aegon_Championships,2,1972,07,02,1,Keldie_Ray,Di_Matteo_Ezio,Keldie_Ray
Aegon_Championships,2,1972,07,02,1,Kary_Hans,Amritraj_Anand,Kary_Hans
Aegon_Championships,2,1972,07,02,1,Gorman_Tom,Ball_Syd,Gorman_Tom
Aegon_Championships,2,1972,07,02,1,Bertolucci_Paolo,Solomon_Harold,Bertolucci_Paolo
Aegon_Championships,2,1972,07,02,1,Osborne_Jim,Paish_John,Paish_John
Aegon_Championships,2,1972,07,02,1,Moore_Raymond,Amritraj_Vijay,Moore_Raymond
Aegon_Championships,2,1972,07,02,1,Gonzales_Richard_Pancho,Schroder_Derek,Gonzales_Richard_Pancho
Aegon_Championships,2,1972,07,02,1,Masters_Geoff,Olmedo_Alejandro,Masters_Geoff
Aegon_Championships,2,1972,07,02,1,Stockton_Dick,Mottram_Buster_C,Stockton_Dick
Aegon_Championships,2,1972,07,02,1,Sakai_Toshiro,Meiler_Karl,Meiler_Karl
Aegon_Championships,2,1972,07,02,1,Panatta_Adriano,Mignot_Bernard,Mignot_Bernard
Aegon_Championships,2,1972,07,02,1,Lloyd_David,McManus_Jim,Lloyd_David
Aegon_Championships,2,1972,07,02,1,Likhachev_Sergei,Bengtson_Ove_Nils,Bengtson_Ove_Nils
Aegon_Championships,2,1972,07,02,1,Tanner_Roscoe,Fassbender_Jurgen,Tanner_Roscoe
Aegon_Championships,2,1972,07,02,1,Vilas_Guillermo,Mukerjea_Jaidip,Mukerjea_Jaidip
Aegon_Championships,2,1972,07,02,1,Cooper_John,Feaver_John,Cooper_John
Aegon_Championships,2,1972,07,02,1,Fraser_Neale,Barazzutti_Corrado,Fraser_Neale
Aegon_Championships,2,1972,07,02,1,Zednik_Vladimir,Connors_Jimmy,Connors_Jimmy
Aegon_Championships,2,1972,07,02,1,Ryan_Terry,Seixas_E_Victor,Ryan_Terry
Aegon_Championships,2,1972,07,02,1,Gottfried_Brian,Kamiwazumi_Jun,Gottfried_Brian
Aegon_Championships,2,1972,07,02,1,Doerner_Peter,LoyoMayo_Joaquin,Doerner_Peter
Aegon_Championships,2,1972,07,02,1,Parun_Onny,Metreveli_Alex,Metreveli_Alex
Aegon_Championships,2,1972,07,02,1,Cramer_Pat,Molina_Ivan,Cramer_Pat
Aegon_Championships,2,1972,07,02,1,Warboys_Stephen,Dibley_Colin,Dibley_Colin
Aegon_Championships,2,1972,07,02,1,Kakoulia_Teimuraz,Bartlett_John,Kakoulia_Teimuraz
Aegon_Championships,2,1972,07,02,1,Jovanovic_Boro,Lall_Premjit,Lall_Premjit
Aegon_Championships,2,1972,07,02,1,Van_Dillen_Erik,Pietrangeli_Nicola,Van_Dillen_Erik
Aegon_Championships,2,1972,07,02,1,Matthews_Stanley,Ploetz_HansJoachim,Matthews_Stanley
Aegon_Championships,2,1972,07,02,1,Mandarino_Jose_Edison,Spear_Nicola,Spear_Nicola
Aegon_Championships,2,1972,07,02,1,Barclay_JeanClaude,Graebner_Clark,Graebner_Clark
Aegon_Championships,2,1972,07,02,2,Smith_Stan,McMillan_Frew,Smith_Stan
Aegon_Championships,2,1972,07,02,2,Keldie_Ray,Kary_Hans,Keldie_Ray
Aegon_Championships,2,1972,07,02,2,Gorman_Tom,Bertolucci_Paolo,Bertolucci_Paolo
Aegon_Championships,2,1972,07,02,2,Paish_John,Moore_Raymond,Paish_John
Aegon_Championships,2,1972,07,02,2,Gonzales_Richard_Pancho,Masters_Geoff,Gonzales_Richard_Pancho
Aegon_Championships,2,1972,07,02,2,Stockton_Dick,Meiler_Karl,Meiler_Karl
Aegon_Championships,2,1972,07,02,2,Mignot_Bernard,Lloyd_David,Mignot_Bernard
Aegon_Championships,2,1972,07,02,2,Bengtson_Ove_Nils,Tanner_Roscoe,Tanner_Roscoe
Aegon_Championships,2,1972,07,02,2,Mukerjea_Jaidip,Cooper_John,Cooper_John
Aegon_Championships,2,1972,07,02,2,Fraser_Neale,Connors_Jimmy,Connors_Jimmy
Aegon_Championships,2,1972,07,02,2,Ryan_Terry,Gottfried_Brian,Gottfried_Brian
Aegon_Championships,2,1972,07,02,2,Doerner_Peter,Metreveli_Alex,Metreveli_Alex
Aegon_Championships,2,1972,07,02,2,Cramer_Pat,Dibley_Colin,Dibley_Colin
Aegon_Championships,2,1972,07,02,2,Kakoulia_Teimuraz,Lall_Premjit,Lall_Premjit
Aegon_Championships,2,1972,07,02,2,Van_Dillen_Erik,Matthews_Stanley,Matthews_Stanley
Aegon_Championships,2,1972,07,02,2,Spear_Nicola,Graebner_Clark,Graebner_Clark
Aegon_Championships,2,1972,07,02,3,Smith_Stan,Keldie_Ray,Smith_Stan
Aegon_Championships,2,1972,07,02,3,Bertolucci_Paolo,Paish_John,Paish_John
Aegon_Championships,2,1972,07,02,3,Gonzales_Richard_Pancho,Meiler_Karl,Gonzales_Richard_Pancho
Aegon_Championships,2,1972,07,02,3,Mignot_Bernard,Tanner_Roscoe,Tanner_Roscoe
Aegon_Championships,2,1972,07,02,3,Cooper_John,Connors_Jimmy,Connors_Jimmy
Aegon_Championships,2,1972,07,02,3,Gottfried_Brian,Metreveli_Alex,Metreveli_Alex
Aegon_Championships,2,1972,07,02,3,Dibley_Colin,Lall_Premjit,Dibley_Colin
Aegon_Championships,2,1972,07,02,3,Matthews_Stanley,Graebner_Clark,Graebner_Clark
Aegon_Championships,2,1972,07,02,4,Smith_Stan,Paish_John,Paish_John
Aegon_Championships,2,1972,07,02,4,Gonzales_Richard_Pancho,Tanner_Roscoe,Gonzales_Richard_Pancho
Aegon_Championships,2,1972,07,02,4,Connors_Jimmy,Metreveli_Alex,Connors_Jimmy
Aegon_Championships,2,1972,07,02,4,Dibley_Colin,Graebner_Clark,Graebner_Clark
Aegon_Championships,2,1972,07,02,5,Paish_John,Gonzales_Richard_Pancho,Paish_John
Aegon_Championships,2,1972,07,02,5,Connors_Jimmy,Graebner_Clark,Connors_Jimmy
Aegon_Championships,2,1972,07,02,6,Paish_John,Connors_Jimmy,Connors_Jimmy
