Australian_Open,1,2010,01,31,1,Federer_Roger,Andreev_Igor,Federer_Roger
Australian_Open,1,2010,01,31,1,Chela_Juan_Ignacio,Hanescu_Victor,Hanescu_Victor
Australian_Open,1,2010,01,31,1,Robert_Stephane,Starace_Potito,Robert_Stephane
Australian_Open,1,2010,01,31,1,Hernandez_Oscar,Montanes_Albert,Montanes_Albert
Australian_Open,1,2010,01,31,1,Hewitt_Lleyton,Hocevar_Ricardo,Hewitt_Lleyton
Australian_Open,1,2010,01,31,1,Rochus_Christophe,Young_Donald,Young_Donald
Australian_Open,1,2010,01,31,1,Lorenzi_Paolo,Baghdatis_Marcos,Baghdatis_Marcos
Australian_Open,1,2010,01,31,1,Gil_Frederico,Ferrer_David,Ferrer_David
Australian_Open,1,2010,01,31,1,Verdasco_Fernando,Ball_Carsten,Verdasco_Fernando
Australian_Open,1,2010,01,31,1,Sergeyev_Ivan,Sela_Dudi,Sergeyev_Ivan
Australian_Open,1,2010,01,31,1,Ram_Rajeev,Koubek_Stefan,Koubek_Stefan
Australian_Open,1,2010,01,31,1,Dodig_Ivan,Ferrero_Juan_Carlos,Dodig_Ivan
Australian_Open,1,2010,01,31,1,Monaco_Juan,Gulbis_Ernests,Monaco_Juan
Australian_Open,1,2010,01,31,1,Vassallo_Arguello_Martin,Llodra_Michael,Llodra_Michael
Australian_Open,1,2010,01,31,1,Moya_Carlos,Marchenko_Illya,Marchenko_Illya
Australian_Open,1,2010,01,31,1,Kindlmann_Dieter,Davydenko_Nikolay,Davydenko_Nikolay
Australian_Open,1,2010,01,31,1,Djokovic_Novak,GimenoTraver_Daniel,Djokovic_Novak
Australian_Open,1,2010,01,31,1,Matosevic_Marinko,Chiudinelli_Marco,Chiudinelli_Marco
Australian_Open,1,2010,01,31,1,Vliegen_Kristof,Berrer_Michael,Berrer_Michael
Australian_Open,1,2010,01,31,1,Istomin_Denis,Chardy_Jeremy,Istomin_Denis
Australian_Open,1,2010,01,31,1,Youzhny_Mikhail,Gasquet_Richard,Youzhny_Mikhail
Australian_Open,1,2010,01,31,1,Hajek_Jan,Ginepri_Robby,Hajek_Jan
Australian_Open,1,2010,01,31,1,Kubot_Lukasz,Zverev_Mischa,Kubot_Lukasz
Australian_Open,1,2010,01,31,1,Giraldo_Santiago,Robredo_Tommy,Giraldo_Santiago
Australian_Open,1,2010,01,31,1,Tsonga_JoWilfried,Stakhovsky_Sergiy,Tsonga_JoWilfried
Australian_Open,1,2010,01,31,1,Fognini_Fabio,Dent_Taylor,Dent_Taylor
Australian_Open,1,2010,01,31,1,Harrison_Ryan,Tipsarevic_Janko,Tipsarevic_Janko
Australian_Open,1,2010,01,31,1,Greul_Simon,Haas_Tommy,Haas_Tommy
Australian_Open,1,2010,01,31,1,Almagro_Nicolas,Malisse_Xavier,Almagro_Nicolas
Australian_Open,1,2010,01,31,1,Becker_Benjamin,Zemlja_Grega,Becker_Benjamin
Australian_Open,1,2010,01,31,1,Falla_Alejandro,Daniel_Marcos,Falla_Alejandro
Australian_Open,1,2010,01,31,1,Granollers_Marcel,Soderling_Robin,Granollers_Marcel
Australian_Open,1,2010,01,31,1,Roddick_Andy,de_Bakker_Thiemo,Roddick_Andy
Australian_Open,1,2010,01,31,1,Gabashvili_Teymuraz,Bellucci_Thomaz,Bellucci_Thomaz
Australian_Open,1,2010,01,31,1,Lopez_Feliciano,Cuevas_Pablo,Lopez_Feliciano
Australian_Open,1,2010,01,31,1,Schuettler_Rainer,Querrey_Sam,Schuettler_Rainer
Australian_Open,1,2010,01,31,1,Berdych_Tomas,Haase_Robin,Berdych_Tomas
Australian_Open,1,2010,01,31,1,Brands_Daniel,Korolev_Evgeny,Korolev_Evgeny
Australian_Open,1,2010,01,31,1,Grosjean_Sebastien,Ilhan_Marsel,Ilhan_Marsel
Australian_Open,1,2010,01,31,1,Rochus_Olivier,Gonzalez_Fernando,Gonzalez_Fernando
Australian_Open,1,2010,01,31,1,Cilic_Marin,Santoro_Fabrice,Cilic_Marin
Australian_Open,1,2010,01,31,1,Rufin_Guillaume,Tomic_Bernard,Tomic_Bernard
Australian_Open,1,2010,01,31,1,Kunitsyn_Igor,Acasuso_Jose,Kunitsyn_Igor
Australian_Open,1,2010,01,31,1,GarciaLopez_Guillermo,Wawrinka_Stan,Wawrinka_Stan
Australian_Open,1,2010,01,31,1,Troicki_Viktor,Lapentti_Nicolas,Troicki_Viktor
Australian_Open,1,2010,01,31,1,Petzschner_Philipp,Mayer_Florian,Mayer_Florian
Australian_Open,1,2010,01,31,1,Blake_James,Clement_Arnaud,Blake_James
Australian_Open,1,2010,01,31,1,Russell_Michael,Del_Potro_Juan_Martin,Del_Potro_Juan_Martin
Australian_Open,1,2010,01,31,1,Murray_Andy,Anderson_Kevin,Murray_Andy
Australian_Open,1,2010,01,31,1,Gicquel_Marc,Bolelli_Simone,Gicquel_Marc
Australian_Open,1,2010,01,31,1,Nieminen_Jarkko,Lindahl_Nick,Nieminen_Jarkko
Australian_Open,1,2010,01,31,1,Serra_Florent,Melzer_Jurgen,Serra_Florent
Australian_Open,1,2010,01,31,1,Isner_John,Seppi_Andreas,Isner_John
Australian_Open,1,2010,01,31,1,Sorensen_Louk,Lu_YenHsun,Sorensen_Louk
Australian_Open,1,2010,01,31,1,Koellerer_Daniel,Veic_Antonio,Veic_Antonio
Australian_Open,1,2010,01,31,1,Ebden_Matthew,Monfils_Gael,Monfils_Gael
Australian_Open,1,2010,01,31,1,Stepanek_Radek,Karlovic_Ivo,Karlovic_Ivo
Australian_Open,1,2010,01,31,1,Benneteau_Julien,Guez_David,Benneteau_Julien
Australian_Open,1,2010,01,31,1,Fish_Mardy,Golubev_Andrey,Golubev_Andrey
Australian_Open,1,2010,01,31,1,Kubler_Jason,Ljubicic_Ivan,Ljubicic_Ivan
Australian_Open,1,2010,01,31,1,Kohlschreiber_Philipp,Zeballos_Horacio,Kohlschreiber_Philipp
Australian_Open,1,2010,01,31,1,Kavcic_Blaz,Odesnik_Wayne,Odesnik_Wayne
Australian_Open,1,2010,01,31,1,Lacko_Lukas,Mayer_Leonardo,Lacko_Lukas
Australian_Open,1,2010,01,31,1,Luczak_Peter,Nadal_Rafael,Nadal_Rafael
Australian_Open,1,2010,01,31,2,Federer_Roger,Hanescu_Victor,Federer_Roger
Australian_Open,1,2010,01,31,2,Robert_Stephane,Montanes_Albert,Montanes_Albert
Australian_Open,1,2010,01,31,2,Hewitt_Lleyton,Young_Donald,Hewitt_Lleyton
Australian_Open,1,2010,01,31,2,Baghdatis_Marcos,Ferrer_David,Baghdatis_Marcos
Australian_Open,1,2010,01,31,2,Verdasco_Fernando,Sergeyev_Ivan,Verdasco_Fernando
Australian_Open,1,2010,01,31,2,Koubek_Stefan,Dodig_Ivan,Koubek_Stefan
Australian_Open,1,2010,01,31,2,Monaco_Juan,Llodra_Michael,Monaco_Juan
Australian_Open,1,2010,01,31,2,Marchenko_Illya,Davydenko_Nikolay,Davydenko_Nikolay
Australian_Open,1,2010,01,31,2,Djokovic_Novak,Chiudinelli_Marco,Djokovic_Novak
Australian_Open,1,2010,01,31,2,Berrer_Michael,Istomin_Denis,Istomin_Denis
Australian_Open,1,2010,01,31,2,Youzhny_Mikhail,Hajek_Jan,Youzhny_Mikhail
Australian_Open,1,2010,01,31,2,Kubot_Lukasz,Giraldo_Santiago,Kubot_Lukasz
Australian_Open,1,2010,01,31,2,Tsonga_JoWilfried,Dent_Taylor,Tsonga_JoWilfried
Australian_Open,1,2010,01,31,2,Tipsarevic_Janko,Haas_Tommy,Haas_Tommy
Australian_Open,1,2010,01,31,2,Almagro_Nicolas,Becker_Benjamin,Almagro_Nicolas
Australian_Open,1,2010,01,31,2,Falla_Alejandro,Granollers_Marcel,Falla_Alejandro
Australian_Open,1,2010,01,31,2,Roddick_Andy,Bellucci_Thomaz,Roddick_Andy
Australian_Open,1,2010,01,31,2,Lopez_Feliciano,Schuettler_Rainer,Lopez_Feliciano
Australian_Open,1,2010,01,31,2,Berdych_Tomas,Korolev_Evgeny,Korolev_Evgeny
Australian_Open,1,2010,01,31,2,Ilhan_Marsel,Gonzalez_Fernando,Gonzalez_Fernando
Australian_Open,1,2010,01,31,2,Cilic_Marin,Tomic_Bernard,Cilic_Marin
Australian_Open,1,2010,01,31,2,Kunitsyn_Igor,Wawrinka_Stan,Wawrinka_Stan
Australian_Open,1,2010,01,31,2,Troicki_Viktor,Mayer_Florian,Mayer_Florian
Australian_Open,1,2010,01,31,2,Blake_James,Del_Potro_Juan_Martin,Del_Potro_Juan_Martin
Australian_Open,1,2010,01,31,2,Murray_Andy,Gicquel_Marc,Murray_Andy
Australian_Open,1,2010,01,31,2,Nieminen_Jarkko,Serra_Florent,Serra_Florent
Australian_Open,1,2010,01,31,2,Isner_John,Sorensen_Louk,Isner_John
Australian_Open,1,2010,01,31,2,Veic_Antonio,Monfils_Gael,Monfils_Gael
Australian_Open,1,2010,01,31,2,Karlovic_Ivo,Benneteau_Julien,Karlovic_Ivo
Australian_Open,1,2010,01,31,2,Golubev_Andrey,Ljubicic_Ivan,Ljubicic_Ivan
Australian_Open,1,2010,01,31,2,Kohlschreiber_Philipp,Odesnik_Wayne,Kohlschreiber_Philipp
Australian_Open,1,2010,01,31,2,Lacko_Lukas,Nadal_Rafael,Nadal_Rafael
Australian_Open,1,2010,01,31,3,Federer_Roger,Montanes_Albert,Federer_Roger
Australian_Open,1,2010,01,31,3,Hewitt_Lleyton,Baghdatis_Marcos,Hewitt_Lleyton
Australian_Open,1,2010,01,31,3,Verdasco_Fernando,Koubek_Stefan,Verdasco_Fernando
Australian_Open,1,2010,01,31,3,Monaco_Juan,Davydenko_Nikolay,Davydenko_Nikolay
Australian_Open,1,2010,01,31,3,Djokovic_Novak,Istomin_Denis,Djokovic_Novak
Australian_Open,1,2010,01,31,3,Youzhny_Mikhail,Kubot_Lukasz,Kubot_Lukasz
Australian_Open,1,2010,01,31,3,Tsonga_JoWilfried,Haas_Tommy,Tsonga_JoWilfried
Australian_Open,1,2010,01,31,3,Almagro_Nicolas,Falla_Alejandro,Almagro_Nicolas
Australian_Open,1,2010,01,31,3,Roddick_Andy,Lopez_Feliciano,Roddick_Andy
Australian_Open,1,2010,01,31,3,Korolev_Evgeny,Gonzalez_Fernando,Gonzalez_Fernando
Australian_Open,1,2010,01,31,3,Cilic_Marin,Wawrinka_Stan,Cilic_Marin
Australian_Open,1,2010,01,31,3,Mayer_Florian,Del_Potro_Juan_Martin,Del_Potro_Juan_Martin
Australian_Open,1,2010,01,31,3,Murray_Andy,Serra_Florent,Murray_Andy
Australian_Open,1,2010,01,31,3,Isner_John,Monfils_Gael,Isner_John
Australian_Open,1,2010,01,31,3,Karlovic_Ivo,Ljubicic_Ivan,Karlovic_Ivo
Australian_Open,1,2010,01,31,3,Kohlschreiber_Philipp,Nadal_Rafael,Nadal_Rafael
Australian_Open,1,2010,01,31,4,Federer_Roger,Hewitt_Lleyton,Federer_Roger
Australian_Open,1,2010,01,31,4,Verdasco_Fernando,Davydenko_Nikolay,Davydenko_Nikolay
Australian_Open,1,2010,01,31,4,Djokovic_Novak,Kubot_Lukasz,Djokovic_Novak
Australian_Open,1,2010,01,31,4,Tsonga_JoWilfried,Almagro_Nicolas,Tsonga_JoWilfried
Australian_Open,1,2010,01,31,4,Roddick_Andy,Gonzalez_Fernando,Roddick_Andy
Australian_Open,1,2010,01,31,4,Cilic_Marin,Del_Potro_Juan_Martin,Cilic_Marin
Australian_Open,1,2010,01,31,4,Murray_Andy,Isner_John,Murray_Andy
Australian_Open,1,2010,01,31,4,Karlovic_Ivo,Nadal_Rafael,Nadal_Rafael
Australian_Open,1,2010,01,31,5,Federer_Roger,Davydenko_Nikolay,Federer_Roger
Australian_Open,1,2010,01,31,5,Djokovic_Novak,Tsonga_JoWilfried,Tsonga_JoWilfried
Australian_Open,1,2010,01,31,5,Roddick_Andy,Cilic_Marin,Cilic_Marin
Australian_Open,1,2010,01,31,5,Murray_Andy,Nadal_Rafael,Murray_Andy
Australian_Open,1,2010,01,31,6,Federer_Roger,Tsonga_JoWilfried,Federer_Roger
Australian_Open,1,2010,01,31,6,Cilic_Marin,Murray_Andy,Murray_Andy
Australian_Open,1,2010,01,31,7,Federer_Roger,Murray_Andy,Federer_Roger
