Australian_Open,1,1991,01,27,1,Edberg_Stefan,Poliakov_Dimitri,Edberg_Stefan
Australian_Open,1,1991,01,27,1,Pearce_Brad,Masso_Eduardo,Masso_Eduardo
Australian_Open,1,1991,01,27,1,Novacek_Karel,Cash_Pat,Cash_Pat
Australian_Open,1,1991,01,27,1,Van_Rensburg_Christo,Kratzmann_Mark,Van_Rensburg_Christo
Australian_Open,1,1991,01,27,1,Marques_Nuno,CunhaSilva_Joao,Marques_Nuno
Australian_Open,1,1991,01,27,1,Arbanas_John,Oncins_Jaime,Oncins_Jaime
Australian_Open,1,1991,01,27,1,Perez_Diego,Bloom_Gilad,Bloom_Gilad
Australian_Open,1,1991,01,27,1,Gunnarsson_Jan,Courier_Jim,Courier_Jim
Australian_Open,1,1991,01,27,1,Chesnokov_Andrei,Arias_Jimmy,Arias_Jimmy
Australian_Open,1,1991,01,27,1,Wuyts_Bart,Jonsson_Lars,Wuyts_Bart
Australian_Open,1,1991,01,27,1,Yzaga_Jaime,Vacek_Daniel,Yzaga_Jaime
Australian_Open,1,1991,01,27,1,Schapers_Michiel,Sinner_Martin,Schapers_Michiel
Australian_Open,1,1991,01,27,1,Saceanu_Christian,Tarango_Jeff,Saceanu_Christian
Australian_Open,1,1991,01,27,1,Wilander_Mats,Denman_Heath,Wilander_Mats
Australian_Open,1,1991,01,27,1,Doohan_Peter,Fromberg_Richard,Fromberg_Richard
Australian_Open,1,1991,01,27,1,Wheaton_David,Gilbert_Brad,Gilbert_Brad
Australian_Open,1,1991,01,27,1,Lendl_Ivan,Benhabiles_Tarik,Lendl_Ivan
Australian_Open,1,1991,01,27,1,Davis_Scott,Antonitsch_Alex,Davis_Scott
Australian_Open,1,1991,01,27,1,Morgan_Jamie,Gustafsson_Magnus,Gustafsson_Magnus
Australian_Open,1,1991,01,27,1,Stolle_Sandon,Masur_Wally,Masur_Wally
Australian_Open,1,1991,01,27,1,Kuhnen_Patrik,Raoux_Guillaume,Kuhnen_Patrik
Australian_Open,1,1991,01,27,1,Frana_Javier,Dosedel_Slava,Dosedel_Slava
Australian_Open,1,1991,01,27,1,Sznajder_Andrew,Mansdorf_Amos,Mansdorf_Amos
Australian_Open,1,1991,01,27,1,Youl_Simon,Krickstein_Aaron,Krickstein_Aaron
Australian_Open,1,1991,01,27,1,Hlasek_Jakob,Stoltenberg_Jason,Stoltenberg_Jason
Australian_Open,1,1991,01,27,1,Koevermans_Mark,Pate_David,Koevermans_Mark
Australian_Open,1,1991,01,27,1,Siemerink_Jan,Altur_Jose_Francisco,Siemerink_Jan
Australian_Open,1,1991,01,27,1,Steeb_CarlUwe,Pistolesi_Claudio,Steeb_CarlUwe
Australian_Open,1,1991,01,27,1,Prpic_Goran,Pugh_Jim,Prpic_Goran
Australian_Open,1,1991,01,27,1,Mattar_Luiz,Kulti_Nicklas,Mattar_Luiz
Australian_Open,1,1991,01,27,1,Krishnan_Ramesh,Jelen_Eric,Krishnan_Ramesh
Australian_Open,1,1991,01,27,1,Bruguera_Sergi,Ivanisevic_Goran,Ivanisevic_Goran
Australian_Open,1,1991,01,27,1,Sanchez_Emilio,Woodforde_Mark,Woodforde_Mark
Australian_Open,1,1991,01,27,1,Cane_Paolo,Shelton_Bryan,Shelton_Bryan
Australian_Open,1,1991,01,27,1,Muller_Gary,Jarryd_Anders,Jarryd_Anders
Australian_Open,1,1991,01,27,1,Kroon_Nicklas,Connell_Grant,Connell_Grant
Australian_Open,1,1991,01,27,1,McEnroe_Patrick,Hogstedt_Thomas,McEnroe_Patrick
Australian_Open,1,1991,01,27,1,Anderson_Johan,Rahunen_Aki,Anderson_Johan
Australian_Open,1,1991,01,27,1,Jones_Kelly,Witsken_Todd,Witsken_Todd
Australian_Open,1,1991,01,27,1,Larsson_Magnus,Berger_Jay,Berger_Jay
Australian_Open,1,1991,01,27,1,Cherkasov_Andrei,Rostagno_Derrick,Cherkasov_Andrei
Australian_Open,1,1991,01,27,1,Cahill_Darren,Canter_Jonathan,Cahill_Darren
Australian_Open,1,1991,01,27,1,Volkov_Alexander,Korda_Petr,Korda_Petr
Australian_Open,1,1991,01,27,1,Krajicek_Richard,Santoro_Fabrice,Krajicek_Richard
Australian_Open,1,1991,01,27,1,Caratti_Cristiano,Dyke_Broderick,Caratti_Cristiano
Australian_Open,1,1991,01,27,1,Engel_David,Evernden_Kelly,Engel_David
Australian_Open,1,1991,01,27,1,Riglewski_Udo,Layendecker_Glenn,Layendecker_Glenn
Australian_Open,1,1991,01,27,1,Lundgren_Peter,Lavalle_Leonardo,Lundgren_Peter
Australian_Open,1,1991,01,27,1,Svensson_Jonas,Champion_Thierry,Svensson_Jonas
Australian_Open,1,1991,01,27,1,Castle_Andrew,Clavet_Francisco,Clavet_Francisco
Australian_Open,1,1991,01,27,1,Kaplan_Mark,Woodbridge_Todd,Woodbridge_Todd
Australian_Open,1,1991,01,27,1,Pioline_Cedric,Bergstrom_Christian,Bergstrom_Christian
Australian_Open,1,1991,01,27,1,Herrera_Luis,Jaite_Martin,Jaite_Martin
Australian_Open,1,1991,01,27,1,Stich_Michael,Washington_MaliVai,Stich_Michael
Australian_Open,1,1991,01,27,1,Fitzgerald_John,Mronz_Alexander,Mronz_Alexander
Australian_Open,1,1991,01,27,1,Skoff_Horst,Forget_Guy,Forget_Guy
Australian_Open,1,1991,01,27,1,Rosset_Marc,Wahlgren_LarsAnders,Wahlgren_LarsAnders
Australian_Open,1,1991,01,27,1,Luna_Fernando,Ferreira_Wayne,Ferreira_Wayne
Australian_Open,1,1991,01,27,1,Weiss_Robbie,Eltingh_Jacco,Eltingh_Jacco
Australian_Open,1,1991,01,27,1,Fleurian_JeanPhilippe,Furlan_Renzo,Fleurian_JeanPhilippe
Australian_Open,1,1991,01,27,1,Camporese_Omar,Zoecke_Markus,Camporese_Omar
Australian_Open,1,1991,01,27,1,Haarhuis_Paul,Sanchez_Javier,Haarhuis_Paul
Australian_Open,1,1991,01,27,1,Vajda_Marian,Garrow_Brian,Vajda_Marian
Australian_Open,1,1991,01,27,1,Bates_Jeremy,Becker_Boris,Becker_Boris
Australian_Open,1,1991,01,27,2,Edberg_Stefan,Masso_Eduardo,Edberg_Stefan
Australian_Open,1,1991,01,27,2,Cash_Pat,Van_Rensburg_Christo,Cash_Pat
Australian_Open,1,1991,01,27,2,Marques_Nuno,Oncins_Jaime,Oncins_Jaime
Australian_Open,1,1991,01,27,2,Bloom_Gilad,Courier_Jim,Courier_Jim
Australian_Open,1,1991,01,27,2,Arias_Jimmy,Wuyts_Bart,Arias_Jimmy
Australian_Open,1,1991,01,27,2,Yzaga_Jaime,Schapers_Michiel,Yzaga_Jaime
Australian_Open,1,1991,01,27,2,Saceanu_Christian,Wilander_Mats,Wilander_Mats
Australian_Open,1,1991,01,27,2,Fromberg_Richard,Gilbert_Brad,Gilbert_Brad
Australian_Open,1,1991,01,27,2,Lendl_Ivan,Davis_Scott,Lendl_Ivan
Australian_Open,1,1991,01,27,2,Gustafsson_Magnus,Masur_Wally,Gustafsson_Magnus
Australian_Open,1,1991,01,27,2,Kuhnen_Patrik,Dosedel_Slava,Kuhnen_Patrik
Australian_Open,1,1991,01,27,2,Mansdorf_Amos,Krickstein_Aaron,Krickstein_Aaron
Australian_Open,1,1991,01,27,2,Stoltenberg_Jason,Koevermans_Mark,Koevermans_Mark
Australian_Open,1,1991,01,27,2,Siemerink_Jan,Steeb_CarlUwe,Siemerink_Jan
Australian_Open,1,1991,01,27,2,Prpic_Goran,Mattar_Luiz,Prpic_Goran
Australian_Open,1,1991,01,27,2,Krishnan_Ramesh,Ivanisevic_Goran,Ivanisevic_Goran
Australian_Open,1,1991,01,27,2,Woodforde_Mark,Shelton_Bryan,Woodforde_Mark
Australian_Open,1,1991,01,27,2,Jarryd_Anders,Connell_Grant,Connell_Grant
Australian_Open,1,1991,01,27,2,McEnroe_Patrick,Anderson_Johan,McEnroe_Patrick
Australian_Open,1,1991,01,27,2,Witsken_Todd,Berger_Jay,Berger_Jay
Australian_Open,1,1991,01,27,2,Cherkasov_Andrei,Cahill_Darren,Cahill_Darren
Australian_Open,1,1991,01,27,2,Korda_Petr,Krajicek_Richard,Krajicek_Richard
Australian_Open,1,1991,01,27,2,Caratti_Cristiano,Engel_David,Caratti_Cristiano
Australian_Open,1,1991,01,27,2,Layendecker_Glenn,Lundgren_Peter,Layendecker_Glenn
Australian_Open,1,1991,01,27,2,Svensson_Jonas,Clavet_Francisco,Svensson_Jonas
Australian_Open,1,1991,01,27,2,Woodbridge_Todd,Bergstrom_Christian,Woodbridge_Todd
Australian_Open,1,1991,01,27,2,Jaite_Martin,Stich_Michael,Stich_Michael
Australian_Open,1,1991,01,27,2,Mronz_Alexander,Forget_Guy,Forget_Guy
Australian_Open,1,1991,01,27,2,Wahlgren_LarsAnders,Ferreira_Wayne,Ferreira_Wayne
Australian_Open,1,1991,01,27,2,Eltingh_Jacco,Fleurian_JeanPhilippe,Eltingh_Jacco
Australian_Open,1,1991,01,27,2,Camporese_Omar,Haarhuis_Paul,Camporese_Omar
Australian_Open,1,1991,01,27,2,Vajda_Marian,Becker_Boris,Becker_Boris
Australian_Open,1,1991,01,27,3,Edberg_Stefan,Cash_Pat,Edberg_Stefan
Australian_Open,1,1991,01,27,3,Oncins_Jaime,Courier_Jim,Courier_Jim
Australian_Open,1,1991,01,27,3,Arias_Jimmy,Yzaga_Jaime,Yzaga_Jaime
Australian_Open,1,1991,01,27,3,Wilander_Mats,Gilbert_Brad,Wilander_Mats
Australian_Open,1,1991,01,27,3,Lendl_Ivan,Gustafsson_Magnus,Lendl_Ivan
Australian_Open,1,1991,01,27,3,Kuhnen_Patrik,Krickstein_Aaron,Krickstein_Aaron
Australian_Open,1,1991,01,27,3,Koevermans_Mark,Siemerink_Jan,Siemerink_Jan
Australian_Open,1,1991,01,27,3,Prpic_Goran,Ivanisevic_Goran,Prpic_Goran
Australian_Open,1,1991,01,27,3,Woodforde_Mark,Connell_Grant,Woodforde_Mark
Australian_Open,1,1991,01,27,3,McEnroe_Patrick,Berger_Jay,McEnroe_Patrick
Australian_Open,1,1991,01,27,3,Cahill_Darren,Krajicek_Richard,Krajicek_Richard
Australian_Open,1,1991,01,27,3,Caratti_Cristiano,Layendecker_Glenn,Caratti_Cristiano
Australian_Open,1,1991,01,27,3,Svensson_Jonas,Woodbridge_Todd,Woodbridge_Todd
Australian_Open,1,1991,01,27,3,Stich_Michael,Forget_Guy,Forget_Guy
Australian_Open,1,1991,01,27,3,Ferreira_Wayne,Eltingh_Jacco,Ferreira_Wayne
Australian_Open,1,1991,01,27,3,Camporese_Omar,Becker_Boris,Becker_Boris
Australian_Open,1,1991,01,27,4,Edberg_Stefan,Courier_Jim,Edberg_Stefan
Australian_Open,1,1991,01,27,4,Yzaga_Jaime,Wilander_Mats,Yzaga_Jaime
Australian_Open,1,1991,01,27,4,Lendl_Ivan,Krickstein_Aaron,Lendl_Ivan
Australian_Open,1,1991,01,27,4,Siemerink_Jan,Prpic_Goran,Prpic_Goran
Australian_Open,1,1991,01,27,4,Woodforde_Mark,McEnroe_Patrick,McEnroe_Patrick
Australian_Open,1,1991,01,27,4,Krajicek_Richard,Caratti_Cristiano,Caratti_Cristiano
Australian_Open,1,1991,01,27,4,Woodbridge_Todd,Forget_Guy,Forget_Guy
Australian_Open,1,1991,01,27,4,Ferreira_Wayne,Becker_Boris,Becker_Boris
Australian_Open,1,1991,01,27,5,Edberg_Stefan,Yzaga_Jaime,Edberg_Stefan
Australian_Open,1,1991,01,27,5,Lendl_Ivan,Prpic_Goran,Lendl_Ivan
Australian_Open,1,1991,01,27,5,McEnroe_Patrick,Caratti_Cristiano,McEnroe_Patrick
Australian_Open,1,1991,01,27,5,Forget_Guy,Becker_Boris,Becker_Boris
Australian_Open,1,1991,01,27,6,Edberg_Stefan,Lendl_Ivan,Lendl_Ivan
Australian_Open,1,1991,01,27,6,McEnroe_Patrick,Becker_Boris,Becker_Boris
Australian_Open,1,1991,01,27,7,Lendl_Ivan,Becker_Boris,Becker_Boris
