Citi_Open,2,1990,07,22,1,Agassi_Andre,Bye,Agassi_Andre
Citi_Open,2,1990,07,22,1,Shelton_Bryan,Pearce_Brad,Pearce_Brad
Citi_Open,2,1990,07,22,1,Palmer_Jared,Hogstedt_Thomas,Palmer_Jared
Citi_Open,2,1990,07,22,1,Herrera_Luis,Bloom_Gilad,Bloom_Gilad
Citi_Open,2,1990,07,22,1,Van_Rensburg_Christo,Cahill_Darren,Cahill_Darren
Citi_Open,2,1990,07,22,1,Laurendeau_Martin,Nido_Miguel,Nido_Miguel
Citi_Open,2,1990,07,22,1,Kaplan_Mark,Stoltenberg_Jason,Stoltenberg_Jason
Citi_Open,2,1990,07,22,1,Bye,Reneberg_Richey,Reneberg_Richey
Citi_Open,2,1990,07,22,1,Mayotte_Tim,Bye,Mayotte_Tim
Citi_Open,2,1990,07,22,1,Krishnan_Ramesh,Evernden_Kelly,Krishnan_Ramesh
Citi_Open,2,1990,07,22,1,Goldie_Dan,Kuhnen_Patrik,Goldie_Dan
Citi_Open,2,1990,07,22,1,Washington_MaliVai,Witsken_Todd,Witsken_Todd
Citi_Open,2,1990,07,22,1,Kratzmann_Mark,Youl_Simon,Youl_Simon
Citi_Open,2,1990,07,22,1,Lundgren_Peter,Weiss_Robbie,Weiss_Robbie
Citi_Open,2,1990,07,22,1,Bryan_Steve,Jones_Kelly,Bryan_Steve
Citi_Open,2,1990,07,22,1,Bye,Chang_Michael,Chang_Michael
Citi_Open,2,1990,07,22,1,Grabb_Jim,Bye,Grabb_Jim
Citi_Open,2,1990,07,22,1,Woodforde_Mark,Annacone_Paul,Woodforde_Mark
Citi_Open,2,1990,07,22,1,Rive_Joey,Brown_Jimmy,Brown_Jimmy
Citi_Open,2,1990,07,22,1,Connell_Grant,Srejber_Milan,Connell_Grant
Citi_Open,2,1990,07,22,1,Muller_Gary,Stolle_Sandon,Muller_Gary
Citi_Open,2,1990,07,22,1,Wostenholme_Martin,Rostagno_Derrick,Rostagno_Derrick
Citi_Open,2,1990,07,22,1,Pate_David,Chamberlin_Paul,Chamberlin_Paul
Citi_Open,2,1990,07,22,1,Bye,McEnroe_John,McEnroe_John
Citi_Open,2,1990,07,22,1,Volkov_Alexander,Bye,Volkov_Alexander
Citi_Open,2,1990,07,22,1,Stafford_Grant,Stich_Michael,Stich_Michael
Citi_Open,2,1990,07,22,1,Pereira_Nicolas,Ross_John,Pereira_Nicolas
Citi_Open,2,1990,07,22,1,Mronz_Alexander,Hlasek_Jakob,Hlasek_Jakob
Citi_Open,2,1990,07,22,1,Sznajder_Andrew,Flach_Ken,Sznajder_Andrew
Citi_Open,2,1990,07,22,1,Ondruska_Marcos,Baur_Patrick,Ondruska_Marcos
Citi_Open,2,1990,07,22,1,Tarango_Jeff,Teltscher_Eliot,Teltscher_Eliot
Citi_Open,2,1990,07,22,1,Bye,Gilbert_Brad,Gilbert_Brad
Citi_Open,2,1990,07,22,2,Agassi_Andre,Pearce_Brad,Agassi_Andre
Citi_Open,2,1990,07,22,2,Palmer_Jared,Bloom_Gilad,Bloom_Gilad
Citi_Open,2,1990,07,22,2,Cahill_Darren,Nido_Miguel,Cahill_Darren
Citi_Open,2,1990,07,22,2,Stoltenberg_Jason,Reneberg_Richey,Reneberg_Richey
Citi_Open,2,1990,07,22,2,Mayotte_Tim,Krishnan_Ramesh,Mayotte_Tim
Citi_Open,2,1990,07,22,2,Goldie_Dan,Witsken_Todd,Witsken_Todd
Citi_Open,2,1990,07,22,2,Youl_Simon,Weiss_Robbie,Youl_Simon
Citi_Open,2,1990,07,22,2,Bryan_Steve,Chang_Michael,Chang_Michael
Citi_Open,2,1990,07,22,2,Grabb_Jim,Woodforde_Mark,Grabb_Jim
Citi_Open,2,1990,07,22,2,Brown_Jimmy,Connell_Grant,Connell_Grant
Citi_Open,2,1990,07,22,2,Muller_Gary,Rostagno_Derrick,Rostagno_Derrick
Citi_Open,2,1990,07,22,2,Chamberlin_Paul,McEnroe_John,McEnroe_John
Citi_Open,2,1990,07,22,2,Volkov_Alexander,Stich_Michael,Stich_Michael
Citi_Open,2,1990,07,22,2,Pereira_Nicolas,Hlasek_Jakob,Hlasek_Jakob
Citi_Open,2,1990,07,22,2,Sznajder_Andrew,Ondruska_Marcos,Sznajder_Andrew
Citi_Open,2,1990,07,22,2,Teltscher_Eliot,Gilbert_Brad,Gilbert_Brad
Citi_Open,2,1990,07,22,3,Agassi_Andre,Bloom_Gilad,Agassi_Andre
Citi_Open,2,1990,07,22,3,Cahill_Darren,Reneberg_Richey,Reneberg_Richey
Citi_Open,2,1990,07,22,3,Mayotte_Tim,Witsken_Todd,Witsken_Todd
Citi_Open,2,1990,07,22,3,Youl_Simon,Chang_Michael,Chang_Michael
Citi_Open,2,1990,07,22,3,Grabb_Jim,Connell_Grant,Grabb_Jim
Citi_Open,2,1990,07,22,3,Rostagno_Derrick,McEnroe_John,Rostagno_Derrick
Citi_Open,2,1990,07,22,3,Stich_Michael,Hlasek_Jakob,Stich_Michael
Citi_Open,2,1990,07,22,3,Sznajder_Andrew,Gilbert_Brad,Gilbert_Brad
Citi_Open,2,1990,07,22,4,Agassi_Andre,Reneberg_Richey,Agassi_Andre
Citi_Open,2,1990,07,22,4,Witsken_Todd,Chang_Michael,Chang_Michael
Citi_Open,2,1990,07,22,4,Grabb_Jim,Rostagno_Derrick,Grabb_Jim
Citi_Open,2,1990,07,22,4,Stich_Michael,Gilbert_Brad,Gilbert_Brad
Citi_Open,2,1990,07,22,5,Agassi_Andre,Chang_Michael,Agassi_Andre
Citi_Open,2,1990,07,22,5,Grabb_Jim,Gilbert_Brad,Grabb_Jim
Citi_Open,2,1990,07,22,6,Agassi_Andre,Grabb_Jim,Agassi_Andre
