Las_Vegas,2,1975,04,29,1,Newcombe_John,Gerken_Paul,Newcombe_John
Las_Vegas,2,1975,04,29,1,Dibley_Colin,Lutz_Robert,Lutz_Robert
Las_Vegas,2,1975,04,29,1,Solomon_Harold,Drysdale_Cliff,Solomon_Harold
Las_Vegas,2,1975,04,29,1,McManus_Jim,Tanner_Roscoe,Tanner_Roscoe
Las_Vegas,2,1975,04,29,1,Smith_Stan,Borowiak_Jeff,Smith_Stan
Las_Vegas,2,1975,04,29,1,Amritraj_Vijay,Stewart_Sherwood,Amritraj_Vijay
Las_Vegas,2,1975,04,29,1,Dibbs_Eddie,Masters_Geoff,Dibbs_Eddie
Las_Vegas,2,1975,04,29,1,Carmichael_Bob,Rosewall_Ken,Rosewall_Ken
Las_Vegas,2,1975,04,29,1,Ashe_Arthur,Stone_Allan,Stone_Allan
Las_Vegas,2,1975,04,29,1,Pattison_Andrew,Richey_Cliff,Richey_Cliff
Las_Vegas,2,1975,04,29,1,Gottfried_Brian,Case_Ross,Case_Ross
Las_Vegas,2,1975,04,29,1,Amritraj_Anand,Riessen_Marty,Riessen_Marty
Las_Vegas,2,1975,04,29,1,Alexander_John,Pasarell_Charlie,Alexander_John
Las_Vegas,2,1975,04,29,1,Dent_Phil,Ramirez_Raul,Dent_Phil
Las_Vegas,2,1975,04,29,1,Fillol_Sr_Jaime,Gorman_Tom,Fillol_Sr_Jaime
Las_Vegas,2,1975,04,29,1,Van_Dillen_Erik,Laver_Rod,Laver_Rod
Las_Vegas,2,1975,04,29,2,Newcombe_John,Lutz_Robert,Lutz_Robert
Las_Vegas,2,1975,04,29,2,Solomon_Harold,Tanner_Roscoe,Tanner_Roscoe
Las_Vegas,2,1975,04,29,2,Smith_Stan,Amritraj_Vijay,Amritraj_Vijay
Las_Vegas,2,1975,04,29,2,Dibbs_Eddie,Rosewall_Ken,Rosewall_Ken
Las_Vegas,2,1975,04,29,2,Stone_Allan,Richey_Cliff,Richey_Cliff
Las_Vegas,2,1975,04,29,2,Case_Ross,Riessen_Marty,Case_Ross
Las_Vegas,2,1975,04,29,2,Alexander_John,Dent_Phil,Alexander_John
Las_Vegas,2,1975,04,29,2,Fillol_Sr_Jaime,Laver_Rod,Fillol_Sr_Jaime
Las_Vegas,2,1975,04,29,3,Lutz_Robert,Tanner_Roscoe,Tanner_Roscoe
Las_Vegas,2,1975,04,29,3,Amritraj_Vijay,Rosewall_Ken,Rosewall_Ken
Las_Vegas,2,1975,04,29,3,Richey_Cliff,Case_Ross,Case_Ross
Las_Vegas,2,1975,04,29,3,Alexander_John,Fillol_Sr_Jaime,Alexander_John
Las_Vegas,2,1975,04,29,4,Tanner_Roscoe,Rosewall_Ken,Tanner_Roscoe
Las_Vegas,2,1975,04,29,4,Case_Ross,Alexander_John,Case_Ross
Las_Vegas,2,1975,04,29,5,Tanner_Roscoe,Case_Ross,Tanner_Roscoe
