Sarasota,2,1978,07,11,1,Fillol_Sr_Jaime,Taylor_Roger,Fillol_Sr_Jaime
Sarasota,2,1978,07,11,1,Fagel_Rick,Dupre_Pat,Dupre_Pat
Sarasota,2,1978,07,11,1,Pasarell_Charlie,Richey_Cliff,Pasarell_Charlie
Sarasota,2,1978,07,11,1,Schoenfield_Howard,Laver_Rod,Laver_Rod
Sarasota,2,1978,07,11,1,Lara_Marcelo,Hoyt_Hubertus,Hoyt_Hubertus
Sarasota,2,1978,07,11,1,McNamee_Paul,Mitton_Bernard,Mitton_Bernard
Sarasota,2,1978,07,11,1,Kirmayr_Carlos,RogerVasselin_Christophe,RogerVasselin_Christophe
Sarasota,2,1978,07,11,1,Hardie_George,Saviano_Nick,Saviano_Nick
Sarasota,2,1978,07,11,1,Martin_Billy,Bengtson_Ove_Nils,Bengtson_Ove_Nils
Sarasota,2,1978,07,11,1,Van_Dillen_Erik,Teltscher_Eliot,Teltscher_Eliot
Sarasota,2,1978,07,11,1,Palm_Douglas,Guerry_Zan,Palm_Douglas
Sarasota,2,1978,07,11,1,El_Shafei_Ismail,Smid_Tomas,Smid_Tomas
Sarasota,2,1978,07,11,1,Masters_Geoff,Richardson_Keith,Masters_Geoff
Sarasota,2,1978,07,11,1,Yuill_John,Dowdeswell_Colin,Yuill_John
Sarasota,2,1978,07,11,1,James_John,Granat_Jiri,Granat_Jiri
Sarasota,2,1978,07,11,1,Bertram_Byron,Fletcher_Ian,Bertram_Byron
Sarasota,2,1978,07,11,2,Fillol_Sr_Jaime,Dupre_Pat,Dupre_Pat
Sarasota,2,1978,07,11,2,Pasarell_Charlie,Laver_Rod,Laver_Rod
Sarasota,2,1978,07,11,2,Hoyt_Hubertus,Mitton_Bernard,Mitton_Bernard
Sarasota,2,1978,07,11,2,RogerVasselin_Christophe,Saviano_Nick,Saviano_Nick
Sarasota,2,1978,07,11,2,Bengtson_Ove_Nils,Teltscher_Eliot,Bengtson_Ove_Nils
Sarasota,2,1978,07,11,2,Palm_Douglas,Smid_Tomas,Smid_Tomas
Sarasota,2,1978,07,11,2,Masters_Geoff,Yuill_John,Yuill_John
Sarasota,2,1978,07,11,2,Granat_Jiri,Bertram_Byron,Granat_Jiri
Sarasota,2,1978,07,11,3,Dupre_Pat,Laver_Rod,Dupre_Pat
Sarasota,2,1978,07,11,3,Mitton_Bernard,Saviano_Nick,Saviano_Nick
Sarasota,2,1978,07,11,3,Bengtson_Ove_Nils,Smid_Tomas,Smid_Tomas
Sarasota,2,1978,07,11,3,Yuill_John,Granat_Jiri,Yuill_John
Sarasota,2,1978,07,11,4,Dupre_Pat,Saviano_Nick,Saviano_Nick
Sarasota,2,1978,07,11,4,Smid_Tomas,Yuill_John,Smid_Tomas
Sarasota,2,1978,07,11,5,Saviano_Nick,Smid_Tomas,Smid_Tomas
