Australian Open
1993,01,31,1,Courier_Jim,Jonsson_Lars,Courier_Jim
1993,01,31,1,Reneberg_Richey,Weiss_Robbie,Weiss_Robbie
1993,01,31,1,Gilbert_Rodolphe,Stafford_Grant,Gilbert_Rodolphe
1993,01,31,1,Schaller_Gilbert,Raoux_Guillaume,Raoux_Guillaume
1993,01,31,1,Rafter_Patrick,Siemerink_Jan,Siemerink_Jan
1993,01,31,1,Dyke_Broderick,Chesnokov_Andrei,Chesnokov_Andrei
1993,01,31,1,Cherkasov_Andrei,Grabb_Jim,Grabb_Jim
1993,01,31,1,Enqvist_Thomas,Bruguera_Sergi,Bruguera_Sergi
1993,01,31,1,Krajicek_Richard,Wahlgren_LarsAnders,Krajicek_Richard
1993,01,31,1,Muller_Gary,Witsken_Todd,Witsken_Todd
1993,01,31,1,Fitzgerald_John,Perez_Diego,Fitzgerald_John
1993,01,31,1,CunhaSilva_Joao,Garner_Chris,Garner_Chris
1993,01,31,1,Camporese_Omar,Koslowski_Lars,Koslowski_Lars
1993,01,31,1,Medvedev_Andrei,Masur_Wally,Medvedev_Andrei
1993,01,31,1,Nargiso_Diego,Eltingh_Jacco,Eltingh_Jacco
1993,01,31,1,Adams_Chuck,Korda_Petr,Korda_Petr
1993,01,31,1,Becker_Boris,Jarryd_Anders,Jarryd_Anders
1993,01,31,1,Caratti_Cristiano,Woodbridge_Todd,Woodbridge_Todd
1993,01,31,1,Gorriz_MarcosAurelio,Carlsen_Kenneth,Carlsen_Kenneth
1993,01,31,1,Filippini_Marcelo,Mezzadri_Claudio,Filippini_Marcelo
1993,01,31,1,Mancini_Alberto,Skoff_Horst,Mancini_Alberto
1993,01,31,1,Schapers_Michiel,Stoltenberg_Jason,Stoltenberg_Jason
1993,01,31,1,McLean_Andrew,Santoro_Fabrice,Santoro_Fabrice
1993,01,31,1,OBrien_Alex,Stich_Michael,Stich_Michael
1993,01,31,1,Forget_Guy,Agenor_Ronald,Forget_Guy
1993,01,31,1,Woodforde_Mark,Renzenbrink_Joern,Woodforde_Mark
1993,01,31,1,Damm_Martin,Braasch_Karsten,Damm_Martin
1993,01,31,1,Morgan_Jamie,Youl_Simon,Morgan_Jamie
1993,01,31,1,Jones_Kelly,Saceanu_Christian,Jones_Kelly
1993,01,31,1,Pozzi_Gianluca,Mattar_Luiz,Mattar_Luiz
1993,01,31,1,Stolle_Sandon,Wheaton_David,Wheaton_David
1993,01,31,1,Bailey_Chris,Chang_Michael,Chang_Michael
1993,01,31,1,Muster_Thomas,Haarhuis_Paul,Muster_Thomas
1993,01,31,1,Steven_Brett,Randall_Dave,Steven_Brett
1993,01,31,1,Bates_Jeremy,Denman_Heath,Denman_Heath
1993,01,31,1,Olhovskiy_Andrei,Sanchez_Javier,Olhovskiy_Andrei
1993,01,31,1,Zoecke_Markus,Fromberg_Richard,Fromberg_Richard
1993,01,31,1,Pereira_Nicolas,Keil_Mark,Keil_Mark
1993,01,31,1,Doyle_Grant,Kulti_Nicklas,Kulti_Nicklas
1993,01,31,1,Roig_Francisco,Costa_Carlos,Costa_Carlos
1993,01,31,1,Washington_MaliVai,Montana_Francisco,Washington_MaliVai
1993,01,31,1,Vacek_Daniel,Naewie_Markus,Vacek_Daniel
1993,01,31,1,Carbonell_Tomas,Sanchez_Emilio,Carbonell_Tomas
1993,01,31,1,Stark_Jonathan,Delaitre_Olivier,Stark_Jonathan
1993,01,31,1,Gustafsson_Magnus,Pridham_Chris,Pridham_Chris
1993,01,31,1,Ho_Tommy,Antonitsch_Alex,Antonitsch_Alex
1993,01,31,1,Ondruska_Marcos,Larsson_Magnus,Larsson_Magnus
1993,01,31,1,Steeb_CarlUwe,Sampras_Pete,Sampras_Pete
1993,01,31,1,Lendl_Ivan,Bergstrom_Christian,Bergstrom_Christian
1993,01,31,1,Holm_Henrik,Garnett_Bret,Holm_Henrik
1993,01,31,1,Wuyts_Bart,Borwick_Neil,Borwick_Neil
1993,01,31,1,Dilucia_David,Simian_Stephane,Simian_Stephane
1993,01,31,1,Goellner_MarcKevin,Herrera_Luis,Goellner_MarcKevin
1993,01,31,1,Shelton_Bryan,Black_Byron,Black_Byron
1993,01,31,1,Apell_Jan,Karbacher_Bernd,Karbacher_Bernd
1993,01,31,1,Martin_Todd,Ferreira_Wayne,Ferreira_Wayne
1993,01,31,1,Volkov_Alexander,Markus_Gabriel,Volkov_Alexander
1993,01,31,1,Pioline_Cedric,Kuhnen_Patrik,Pioline_Cedric
1993,01,31,1,McEnroe_Patrick,Boetsch_Arnaud,Boetsch_Arnaud
1993,01,31,1,Kaplan_Mark,Svensson_Jonas,Svensson_Jonas
1993,01,31,1,Tarango_Jeff,Mansdorf_Amos,Mansdorf_Amos
1993,01,31,1,Champion_Thierry,Naumann_Ashley,Champion_Thierry
1993,01,31,1,Yzaga_Jaime,Prinosil_David,Prinosil_David
1993,01,31,1,Lavalle_Leonardo,Edberg_Stefan,Edberg_Stefan
1993,01,31,2,Courier_Jim,Weiss_Robbie,Courier_Jim
1993,01,31,2,Gilbert_Rodolphe,Raoux_Guillaume,Raoux_Guillaume
1993,01,31,2,Siemerink_Jan,Chesnokov_Andrei,Siemerink_Jan
1993,01,31,2,Grabb_Jim,Bruguera_Sergi,Bruguera_Sergi
1993,01,31,2,Krajicek_Richard,Witsken_Todd,Witsken_Todd
1993,01,31,2,Fitzgerald_John,Garner_Chris,Garner_Chris
1993,01,31,2,Koslowski_Lars,Medvedev_Andrei,Medvedev_Andrei
1993,01,31,2,Eltingh_Jacco,Korda_Petr,Korda_Petr
1993,01,31,2,Jarryd_Anders,Woodbridge_Todd,Woodbridge_Todd
1993,01,31,2,Carlsen_Kenneth,Filippini_Marcelo,Carlsen_Kenneth
1993,01,31,2,Mancini_Alberto,Stoltenberg_Jason,Stoltenberg_Jason
1993,01,31,2,Santoro_Fabrice,Stich_Michael,Stich_Michael
1993,01,31,2,Forget_Guy,Woodforde_Mark,Forget_Guy
1993,01,31,2,Damm_Martin,Morgan_Jamie,Morgan_Jamie
1993,01,31,2,Jones_Kelly,Mattar_Luiz,Jones_Kelly
1993,01,31,2,Wheaton_David,Chang_Michael,Wheaton_David
1993,01,31,2,Muster_Thomas,Steven_Brett,Steven_Brett
1993,01,31,2,Denman_Heath,Olhovskiy_Andrei,Olhovskiy_Andrei
1993,01,31,2,Fromberg_Richard,Keil_Mark,Fromberg_Richard
1993,01,31,2,Kulti_Nicklas,Costa_Carlos,Costa_Carlos
1993,01,31,2,Washington_MaliVai,Vacek_Daniel,Washington_MaliVai
1993,01,31,2,Carbonell_Tomas,Stark_Jonathan,Stark_Jonathan
1993,01,31,2,Pridham_Chris,Antonitsch_Alex,Antonitsch_Alex
1993,01,31,2,Larsson_Magnus,Sampras_Pete,Sampras_Pete
1993,01,31,2,Bergstrom_Christian,Holm_Henrik,Bergstrom_Christian
1993,01,31,2,Borwick_Neil,Simian_Stephane,Simian_Stephane
1993,01,31,2,Goellner_MarcKevin,Black_Byron,Black_Byron
1993,01,31,2,Karbacher_Bernd,Ferreira_Wayne,Ferreira_Wayne
1993,01,31,2,Volkov_Alexander,Pioline_Cedric,Volkov_Alexander
1993,01,31,2,Boetsch_Arnaud,Svensson_Jonas,Boetsch_Arnaud
1993,01,31,2,Mansdorf_Amos,Champion_Thierry,Mansdorf_Amos
1993,01,31,2,Prinosil_David,Edberg_Stefan,Edberg_Stefan
1993,01,31,3,Courier_Jim,Raoux_Guillaume,Courier_Jim
1993,01,31,3,Siemerink_Jan,Bruguera_Sergi,Bruguera_Sergi
1993,01,31,3,Witsken_Todd,Garner_Chris,Garner_Chris
1993,01,31,3,Medvedev_Andrei,Korda_Petr,Korda_Petr
1993,01,31,3,Woodbridge_Todd,Carlsen_Kenneth,Carlsen_Kenneth
1993,01,31,3,Stoltenberg_Jason,Stich_Michael,Stich_Michael
1993,01,31,3,Forget_Guy,Morgan_Jamie,Forget_Guy
1993,01,31,3,Jones_Kelly,Wheaton_David,Jones_Kelly
1993,01,31,3,Steven_Brett,Olhovskiy_Andrei,Steven_Brett
1993,01,31,3,Fromberg_Richard,Costa_Carlos,Fromberg_Richard
1993,01,31,3,Washington_MaliVai,Stark_Jonathan,Washington_MaliVai
1993,01,31,3,Antonitsch_Alex,Sampras_Pete,Sampras_Pete
1993,01,31,3,Bergstrom_Christian,Simian_Stephane,Bergstrom_Christian
1993,01,31,3,Black_Byron,Ferreira_Wayne,Ferreira_Wayne
1993,01,31,3,Volkov_Alexander,Boetsch_Arnaud,Boetsch_Arnaud
1993,01,31,3,Mansdorf_Amos,Edberg_Stefan,Edberg_Stefan
1993,01,31,4,Courier_Jim,Bruguera_Sergi,Courier_Jim
1993,01,31,4,Garner_Chris,Korda_Petr,Korda_Petr
1993,01,31,4,Carlsen_Kenneth,Stich_Michael,Stich_Michael
1993,01,31,4,Forget_Guy,Jones_Kelly,Forget_Guy
1993,01,31,4,Steven_Brett,Fromberg_Richard,Steven_Brett
1993,01,31,4,Washington_MaliVai,Sampras_Pete,Sampras_Pete
1993,01,31,4,Bergstrom_Christian,Ferreira_Wayne,Bergstrom_Christian
1993,01,31,4,Boetsch_Arnaud,Edberg_Stefan,Edberg_Stefan
1993,01,31,5,Courier_Jim,Korda_Petr,Courier_Jim
1993,01,31,5,Stich_Michael,Forget_Guy,Stich_Michael
1993,01,31,5,Steven_Brett,Sampras_Pete,Sampras_Pete
1993,01,31,5,Bergstrom_Christian,Edberg_Stefan,Edberg_Stefan
1993,01,31,6,Courier_Jim,Stich_Michael,Courier_Jim
1993,01,31,6,Sampras_Pete,Edberg_Stefan,Edberg_Stefan
1993,01,31,7,Courier_Jim,Edberg_Stefan,Courier_Jim
