Australian Open
1988,01,24,1,Lendl_Ivan,Roe_Brian,Lendl_Ivan
1988,01,24,1,Castle_Andrew,Anger_Matt,Anger_Matt
1988,01,24,1,Woodforde_Mark,Fitzgerald_John,Woodforde_Mark
1988,01,24,1,Flur_Marc,Fromberg_Richard,Fromberg_Richard
1988,01,24,1,Drewett_Brad,Pugh_Jim,Pugh_Jim
1988,01,24,1,Krishnan_Ramesh,Kim_BongSoo,Krishnan_Ramesh
1988,01,24,1,Sundstrom_Henrik,Baur_Patrick,Baur_Patrick
1988,01,24,1,Hogstedt_Thomas,Masur_Wally,Masur_Wally
1988,01,24,1,Hlasek_Jakob,Dyke_Broderick,Dyke_Broderick
1988,01,24,1,Oosting_Menno,Tulasne_Thierry,Oosting_Menno
1988,01,24,1,Camporese_Omar,Visser_Danie,Visser_Danie
1988,01,24,1,Saad_Roberto,Scott_Larry,Saad_Roberto
1988,01,24,1,Barr_Shane,Cahill_Darren,Cahill_Darren
1988,01,24,1,Matsuoka_Shuzo,Witsken_Todd,Witsken_Todd
1988,01,24,1,Doohan_Peter,Guy_Steve,Doohan_Peter
1988,01,24,1,Carter_Peter,Leconte_Henri,Leconte_Henri
1988,01,24,1,Cash_Pat,Muster_Thomas,Cash_Pat
1988,01,24,1,Lane_Anthony,Limberger_Carl,Limberger_Carl
1988,01,24,1,Wilkison_Tim,GiammalvaJr_Sammy,GiammalvaJr_Sammy
1988,01,24,1,McNamee_Paul,Scanlon_Bill,McNamee_Paul
1988,01,24,1,Michibata_Glenn,Nijssen_Tom,Michibata_Glenn
1988,01,24,1,Pistolesi_Claudio,Kroon_Nicklas,Kroon_Nicklas
1988,01,24,1,Ross_John,Tideman_Magnus,Tideman_Magnus
1988,01,24,1,Derlin_Bruce,Svensson_Jonas,Svensson_Jonas
1988,01,24,1,VanRensburg_Christo,Jones_Kelly,VanRensburg_Christo
1988,01,24,1,Cox_CharlesBud,Mmoh_Tony,Mmoh_Tony
1988,01,24,1,Rostagno_Derrick,Muller_Gary,Rostagno_Derrick
1988,01,24,1,Werner_Ivo,Schapers_Michiel,Schapers_Michiel
1988,01,24,1,Rasheed_Roger,Vysand_Andres,Rasheed_Roger
1988,01,24,1,Edwards_Eddie,Felgate_David,Edwards_Eddie
1988,01,24,1,Narducci_Massimiliano,Bauer_Mike,Narducci_Massimiliano
1988,01,24,1,Smith_Roger,Noah_Yannick,Noah_Yannick
1988,01,24,1,Jarryd_Anders,Eagle_Charlton,Jarryd_Anders
1988,01,24,1,Pozzi_Gianluca,Miller_CraigA,Pozzi_Gianluca
1988,01,24,1,Kuhnen_Patrik,Steyn_Christo,Kuhnen_Patrik
1988,01,24,1,Theine_Torben,Chamberlin_Paul,Chamberlin_Paul
1988,01,24,1,Forget_Guy,Connell_Grant,Forget_Guy
1988,01,24,1,Grabb_Jim,Pfister_Henry,Grabb_Jim
1988,01,24,1,Frawley_John,Schultz_Bud,Frawley_John
1988,01,24,1,Kennedy_Chris,Lundgren_Peter,Lundgren_Peter
1988,01,24,1,Annacone_Paul,Potier_Jerome,Potier_Jerome
1988,01,24,1,Pridham_Chris,Hooper_Chip,Pridham_Chris
1988,01,24,1,Nelson_Todd,Saceanu_Christian,Saceanu_Christian
1988,01,24,1,Anderson_Adam,Moir_Barry,Moir_Barry
1988,01,24,1,Gustafsson_Magnus,Anderson_Johan,Gustafsson_Magnus
1988,01,24,1,Bailey_Chris,Kriek_Johan,Kriek_Johan
1988,01,24,1,Youl_Simon,Bergstrom_Christian,Youl_Simon
1988,01,24,1,Reneberg_Richey,Wilander_Mats,Wilander_Mats
1988,01,24,1,Zivojinovic_Slobodan,Schmidt_Richard,Zivojinovic_Slobodan
1988,01,24,1,Shaw_Steve,Turich_Carl,Shaw_Steve
1988,01,24,1,Steeb_CarlUwe,Barlow_Russell,Steeb_CarlUwe
1988,01,24,1,Leach_Rick,Olhovskiy_Andrei,Leach_Rick
1988,01,24,1,Cane_Paolo,Maurer_Andreas,Cane_Paolo
1988,01,24,1,Kratzmann_Mark,VanBoeckel_Huub,Kratzmann_Mark
1988,01,24,1,Skoff_Horst,Benhabiles_Tarik,Benhabiles_Tarik
1988,01,24,1,Chesnokov_Andrei,Mansdorf_Amos,Chesnokov_Andrei
1988,01,24,1,Evernden_Kelly,Bates_Jeremy,Bates_Jeremy
1988,01,24,1,Rive_Joey,Nargiso_Diego,Rive_Joey
1988,01,24,1,Levine_Jon,Stoltenberg_Jason,Stoltenberg_Jason
1988,01,24,1,Letts_John,Woodbridge_Todd,Woodbridge_Todd
1988,01,24,1,Laurendeau_Martin,Cassidy_Dan,Laurendeau_Martin
1988,01,24,1,Goldie_Dan,Keretic_Damir,Goldie_Dan
1988,01,24,1,Mronz_Alexander,Volkov_Alexander,Mronz_Alexander
1988,01,24,1,Davis_Marty,Edberg_Stefan,Edberg_Stefan
1988,01,24,2,Lendl_Ivan,Anger_Matt,Lendl_Ivan
1988,01,24,2,Woodforde_Mark,Fromberg_Richard,Woodforde_Mark
1988,01,24,2,Pugh_Jim,Krishnan_Ramesh,Krishnan_Ramesh
1988,01,24,2,Baur_Patrick,Masur_Wally,Masur_Wally
1988,01,24,2,Dyke_Broderick,Oosting_Menno,Oosting_Menno
1988,01,24,2,Visser_Danie,Saad_Roberto,Visser_Danie
1988,01,24,2,Cahill_Darren,Witsken_Todd,Witsken_Todd
1988,01,24,2,Doohan_Peter,Leconte_Henri,Leconte_Henri
1988,01,24,2,Cash_Pat,Limberger_Carl,Cash_Pat
1988,01,24,2,GiammalvaJr_Sammy,McNamee_Paul,McNamee_Paul
1988,01,24,2,Michibata_Glenn,Kroon_Nicklas,Kroon_Nicklas
1988,01,24,2,Tideman_Magnus,Svensson_Jonas,Svensson_Jonas
1988,01,24,2,VanRensburg_Christo,Mmoh_Tony,VanRensburg_Christo
1988,01,24,2,Rostagno_Derrick,Schapers_Michiel,Schapers_Michiel
1988,01,24,2,Rasheed_Roger,Edwards_Eddie,Edwards_Eddie
1988,01,24,2,Narducci_Massimiliano,Noah_Yannick,Noah_Yannick
1988,01,24,2,Jarryd_Anders,Pozzi_Gianluca,Jarryd_Anders
1988,01,24,2,Kuhnen_Patrik,Chamberlin_Paul,Chamberlin_Paul
1988,01,24,2,Forget_Guy,Grabb_Jim,Grabb_Jim
1988,01,24,2,Frawley_John,Lundgren_Peter,Frawley_John
1988,01,24,2,Potier_Jerome,Pridham_Chris,Potier_Jerome
1988,01,24,2,Saceanu_Christian,Moir_Barry,Saceanu_Christian
1988,01,24,2,Gustafsson_Magnus,Kriek_Johan,Gustafsson_Magnus
1988,01,24,2,Youl_Simon,Wilander_Mats,Wilander_Mats
1988,01,24,2,Zivojinovic_Slobodan,Shaw_Steve,Zivojinovic_Slobodan
1988,01,24,2,Steeb_CarlUwe,Leach_Rick,Steeb_CarlUwe
1988,01,24,2,Cane_Paolo,Kratzmann_Mark,Kratzmann_Mark
1988,01,24,2,Benhabiles_Tarik,Chesnokov_Andrei,Chesnokov_Andrei
1988,01,24,2,Bates_Jeremy,Rive_Joey,Rive_Joey
1988,01,24,2,Stoltenberg_Jason,Woodbridge_Todd,Stoltenberg_Jason
1988,01,24,2,Laurendeau_Martin,Goldie_Dan,Goldie_Dan
1988,01,24,2,Mronz_Alexander,Edberg_Stefan,Edberg_Stefan
1988,01,24,3,Lendl_Ivan,Woodforde_Mark,Lendl_Ivan
1988,01,24,3,Krishnan_Ramesh,Masur_Wally,Masur_Wally
1988,01,24,3,Oosting_Menno,Visser_Danie,Oosting_Menno
1988,01,24,3,Witsken_Todd,Leconte_Henri,Witsken_Todd
1988,01,24,3,Cash_Pat,McNamee_Paul,Cash_Pat
1988,01,24,3,Kroon_Nicklas,Svensson_Jonas,Svensson_Jonas
1988,01,24,3,VanRensburg_Christo,Schapers_Michiel,Schapers_Michiel
1988,01,24,3,Edwards_Eddie,Noah_Yannick,Noah_Yannick
1988,01,24,3,Jarryd_Anders,Chamberlin_Paul,Jarryd_Anders
1988,01,24,3,Grabb_Jim,Frawley_John,Frawley_John
1988,01,24,3,Potier_Jerome,Saceanu_Christian,Saceanu_Christian
1988,01,24,3,Gustafsson_Magnus,Wilander_Mats,Wilander_Mats
1988,01,24,3,Zivojinovic_Slobodan,Steeb_CarlUwe,Steeb_CarlUwe
1988,01,24,3,Kratzmann_Mark,Chesnokov_Andrei,Chesnokov_Andrei
1988,01,24,3,Rive_Joey,Stoltenberg_Jason,Stoltenberg_Jason
1988,01,24,3,Goldie_Dan,Edberg_Stefan,Edberg_Stefan
1988,01,24,4,Lendl_Ivan,Masur_Wally,Lendl_Ivan
1988,01,24,4,Oosting_Menno,Witsken_Todd,Witsken_Todd
1988,01,24,4,Cash_Pat,Svensson_Jonas,Cash_Pat
1988,01,24,4,Schapers_Michiel,Noah_Yannick,Schapers_Michiel
1988,01,24,4,Jarryd_Anders,Frawley_John,Jarryd_Anders
1988,01,24,4,Saceanu_Christian,Wilander_Mats,Wilander_Mats
1988,01,24,4,Steeb_CarlUwe,Chesnokov_Andrei,Chesnokov_Andrei
1988,01,24,4,Stoltenberg_Jason,Edberg_Stefan,Edberg_Stefan
1988,01,24,5,Lendl_Ivan,Witsken_Todd,Lendl_Ivan
1988,01,24,5,Cash_Pat,Schapers_Michiel,Cash_Pat
1988,01,24,5,Jarryd_Anders,Wilander_Mats,Wilander_Mats
1988,01,24,5,Chesnokov_Andrei,Edberg_Stefan,Edberg_Stefan
1988,01,24,6,Lendl_Ivan,Cash_Pat,Cash_Pat
1988,01,24,6,Wilander_Mats,Edberg_Stefan,Wilander_Mats
1988,01,24,7,Cash_Pat,Wilander_Mats,Wilander_Mats
