Wimbledon
1974,06,02,1,Newcombe_John,Goven_Georges,Newcombe_John
1974,06,02,1,Mitton_Bernard,Masters_Geoff,Masters_Geoff
1974,06,02,1,Pilic_Nikola,Estep_Mike,Pilic_Nikola
1974,06,02,1,Ploetz_HansJoachim,Dibbs_Eddie,Dibbs_Eddie
1974,06,02,1,Zednik_Vladimir,Vilas_Guillermo,Vilas_Guillermo
1974,06,02,1,Riessen_Marty,Nowicki_Tadeusz,Riessen_Marty
1974,06,02,1,Elschenbroich_Harald,Mandarino_JoseEdison,Elschenbroich_Harald
1974,06,02,1,VanDillen_Erik,Singh_Jasjit,VanDillen_Erik
1974,06,02,1,Ashe_Arthur,Kary_Hans,Ashe_Arthur
1974,06,02,1,Kakoulia_Teimuraz,Martin_Billy,Kakoulia_Teimuraz
1974,06,02,1,Dell_Dick,Tanner_Roscoe,Tanner_Roscoe
1974,06,02,1,Gerulaitis_Vitas,Meiler_Karl,Meiler_Karl
1974,06,02,1,Rosewall_Ken,PhillipsMoore_Barry,Rosewall_Ken
1974,06,02,1,Lutz_Robert,Amritraj_Vijay,Amritraj_Vijay
1974,06,02,1,NGodrella_Wanaro,Giltinan_Bob,Giltinan_Bob
1974,06,02,1,Lara_Marcelo,Kanderal_Petr,Kanderal_Petr
1974,06,02,1,Smith_Stan,Reid_GroverRaz,Smith_Stan
1974,06,02,1,Taroczy_Balazs,Maud_Robert,Maud_Robert
1974,06,02,1,Fraser_Neale,Lloyd_David,Fraser_Neale
1974,06,02,1,Pinner_Ulrich,Borowiak_Jeff,Borowiak_Jeff
1974,06,02,1,Tiriac_Ion,Dominguez_Patrice,Dominguez_Patrice
1974,06,02,1,Cornejo_Patricio,Ramirez_Raul,Ramirez_Raul
1974,06,02,1,Seewagen_Butch,Chanfreau_JeanBaptiste,Chanfreau_JeanBaptiste
1974,06,02,1,Deblicker_Eric,Rahim_Haroon,Deblicker_Eric
1974,06,02,1,Borg_Bjorn,Stilwell_Graham,Borg_Bjorn
1974,06,02,1,Simpson_Jeff,Case_Ross,Case_Ross
1974,06,02,1,Fassbender_Jurgen,Cox_Mark,Fassbender_Jurgen
1974,06,02,1,ElShafei_Ismail,Parun_Onny,ElShafei_Ismail
1974,06,02,1,Orantes_Manuel,Solomon_Harold,Orantes_Manuel
1974,06,02,1,Caujolle_JeanFrancois,Koch_Thomas,Koch_Thomas
1974,06,02,1,Davidson_Owen,Roche_Tony,Roche_Tony
1974,06,02,1,Alexander_John,Szoke_Peter,Alexander_John
1974,06,02,1,McMillan_Frew,Mayer_Sandy,Mayer_Sandy
1974,06,02,1,Thung_Rolf,Seegers_Rayno,Thung_Rolf
1974,06,02,1,Yuill_John,Dowdeswell_Roger,Yuill_John
1974,06,02,1,Amritraj_Anand,Gorman_Tom,Gorman_Tom
1974,06,02,1,Crealy_Dick,Taylor_Roger,Crealy_Dick
1974,06,02,1,Hewitt_Bob,PintoBravo_Jaime,Hewitt_Bob
1974,06,02,1,Lloyd_John,Johansson_Leif,Johansson_Leif
1974,06,02,1,Stewart_Sherwood,Kodes_Jan,Kodes_Jan
1974,06,02,1,Zugarelli_Antonio,Higueras_Jose,Higueras_Jose
1974,06,02,1,Warwick_Kim,Neely_Armistead,Warwick_Kim
1974,06,02,1,FillolSr_Jaime,Pala_Frantisek,FillolSr_Jaime
1974,06,02,1,Muntanola_JuanIgnacio,Ganzabal_Julian,Ganzabal_Julian
1974,06,02,1,Pohmann_HansJurgen,Panatta_Adriano,Panatta_Adriano
1974,06,02,1,Kronk_Paul,Proisy_Patrick,Proisy_Patrick
1974,06,02,1,Dibley_Colin,Dent_Phil,Dent_Phil
1974,06,02,1,Bengtson_OveNils,Connors_Jimmy,Connors_Jimmy
1974,06,02,1,Paish_John,Pattison_Andrew,Pattison_Andrew
1974,06,02,1,Johansson_Kjell,Gerken_Paul,Johansson_Kjell
1974,06,02,1,Krulevitz_Steve,Kreiss_Robert,Krulevitz_Steve
1974,06,02,1,Feaver_John,Metreveli_Alex,Metreveli_Alex
1974,06,02,1,Austin_Jeff,Farrell_Mark,Austin_Jeff
1974,06,02,1,Molina_Ivan,Drysdale_Cliff,Drysdale_Cliff
1974,06,02,1,Baranyi_Szabolcz,Barthes_Pierre,Baranyi_Szabolcz
1974,06,02,1,Ralston_Dennis,Okker_Tom,Okker_Tom
1974,06,02,1,Svensson_Tenny,Battrick_Gerald,Battrick_Gerald
1974,06,02,1,Sakai_Toshiro,Stockton_Dick,Stockton_Dick
1974,06,02,1,Pasarell_Charlie,Graebner_Clark,Pasarell_Charlie
1974,06,02,1,Ball_Syd,Mottram_BusterC,Mottram_BusterC
1974,06,02,1,Fletcher_Ian,Warboys_Stephen,Fletcher_Ian
1974,06,02,1,Jauffret_Francois,Holecek_Milan,Jauffret_Francois
1974,06,02,1,Gottfried_Brian,Moore_Raymond,Gottfried_Brian
1974,06,02,1,Hrebec_Jiri,Nastase_Ilie,Nastase_Ilie
1974,06,02,2,Newcombe_John,Masters_Geoff,Newcombe_John
1974,06,02,2,Pilic_Nikola,Dibbs_Eddie,Pilic_Nikola
1974,06,02,2,Vilas_Guillermo,Riessen_Marty,Vilas_Guillermo
1974,06,02,2,Elschenbroich_Harald,VanDillen_Erik,VanDillen_Erik
1974,06,02,2,Ashe_Arthur,Kakoulia_Teimuraz,Ashe_Arthur
1974,06,02,2,Tanner_Roscoe,Meiler_Karl,Tanner_Roscoe
1974,06,02,2,Rosewall_Ken,Amritraj_Vijay,Rosewall_Ken
1974,06,02,2,Giltinan_Bob,Kanderal_Petr,Kanderal_Petr
1974,06,02,2,Smith_Stan,Maud_Robert,Smith_Stan
1974,06,02,2,Fraser_Neale,Borowiak_Jeff,Borowiak_Jeff
1974,06,02,2,Dominguez_Patrice,Ramirez_Raul,Dominguez_Patrice
1974,06,02,2,Chanfreau_JeanBaptiste,Deblicker_Eric,Chanfreau_JeanBaptiste
1974,06,02,2,Borg_Bjorn,Case_Ross,Borg_Bjorn
1974,06,02,2,Fassbender_Jurgen,ElShafei_Ismail,ElShafei_Ismail
1974,06,02,2,Orantes_Manuel,Koch_Thomas,Orantes_Manuel
1974,06,02,2,Roche_Tony,Alexander_John,Roche_Tony
1974,06,02,2,Mayer_Sandy,Thung_Rolf,Thung_Rolf
1974,06,02,2,Yuill_John,Gorman_Tom,Gorman_Tom
1974,06,02,2,Crealy_Dick,Hewitt_Bob,Crealy_Dick
1974,06,02,2,Johansson_Leif,Kodes_Jan,Kodes_Jan
1974,06,02,2,Higueras_Jose,Warwick_Kim,Warwick_Kim
1974,06,02,2,FillolSr_Jaime,Ganzabal_Julian,FillolSr_Jaime
1974,06,02,2,Panatta_Adriano,Proisy_Patrick,Panatta_Adriano
1974,06,02,2,Dent_Phil,Connors_Jimmy,Connors_Jimmy
1974,06,02,2,Pattison_Andrew,Johansson_Kjell,Pattison_Andrew
1974,06,02,2,Krulevitz_Steve,Metreveli_Alex,Metreveli_Alex
1974,06,02,2,Austin_Jeff,Drysdale_Cliff,Drysdale_Cliff
1974,06,02,2,Baranyi_Szabolcz,Okker_Tom,Okker_Tom
1974,06,02,2,Battrick_Gerald,Stockton_Dick,Stockton_Dick
1974,06,02,2,Pasarell_Charlie,Mottram_BusterC,Mottram_BusterC
1974,06,02,2,Fletcher_Ian,Jauffret_Francois,Fletcher_Ian
1974,06,02,2,Gottfried_Brian,Nastase_Ilie,Nastase_Ilie
1974,06,02,3,Newcombe_John,Pilic_Nikola,Newcombe_John
1974,06,02,3,Vilas_Guillermo,VanDillen_Erik,VanDillen_Erik
1974,06,02,3,Ashe_Arthur,Tanner_Roscoe,Tanner_Roscoe
1974,06,02,3,Rosewall_Ken,Kanderal_Petr,Rosewall_Ken
1974,06,02,3,Smith_Stan,Borowiak_Jeff,Smith_Stan
1974,06,02,3,Dominguez_Patrice,Chanfreau_JeanBaptiste,Dominguez_Patrice
1974,06,02,3,Borg_Bjorn,ElShafei_Ismail,ElShafei_Ismail
1974,06,02,3,Orantes_Manuel,Roche_Tony,Orantes_Manuel
1974,06,02,3,Thung_Rolf,Gorman_Tom,Gorman_Tom
1974,06,02,3,Crealy_Dick,Kodes_Jan,Kodes_Jan
1974,06,02,3,Warwick_Kim,FillolSr_Jaime,FillolSr_Jaime
1974,06,02,3,Panatta_Adriano,Connors_Jimmy,Connors_Jimmy
1974,06,02,3,Pattison_Andrew,Metreveli_Alex,Metreveli_Alex
1974,06,02,3,Drysdale_Cliff,Okker_Tom,Okker_Tom
1974,06,02,3,Stockton_Dick,Mottram_BusterC,Stockton_Dick
1974,06,02,3,Fletcher_Ian,Nastase_Ilie,Nastase_Ilie
1974,06,02,4,Newcombe_John,VanDillen_Erik,Newcombe_John
1974,06,02,4,Tanner_Roscoe,Rosewall_Ken,Rosewall_Ken
1974,06,02,4,Smith_Stan,Dominguez_Patrice,Smith_Stan
1974,06,02,4,ElShafei_Ismail,Orantes_Manuel,ElShafei_Ismail
1974,06,02,4,Gorman_Tom,Kodes_Jan,Kodes_Jan
1974,06,02,4,FillolSr_Jaime,Connors_Jimmy,Connors_Jimmy
1974,06,02,4,Metreveli_Alex,Okker_Tom,Metreveli_Alex
1974,06,02,4,Stockton_Dick,Nastase_Ilie,Stockton_Dick
1974,06,02,5,Newcombe_John,Rosewall_Ken,Rosewall_Ken
1974,06,02,5,Smith_Stan,ElShafei_Ismail,Smith_Stan
1974,06,02,5,Kodes_Jan,Connors_Jimmy,Connors_Jimmy
1974,06,02,5,Metreveli_Alex,Stockton_Dick,Stockton_Dick
1974,06,02,6,Rosewall_Ken,Smith_Stan,Rosewall_Ken
1974,06,02,6,Connors_Jimmy,Stockton_Dick,Connors_Jimmy
1974,06,02,7,Rosewall_Ken,Connors_Jimmy,Connors_Jimmy
