Erste Bank Open
1982,01,10,1,Lendl_Ivan,Bye,Lendl_Ivan
1982,01,10,1,Fromm_Eric,Wimmer_Ingo,Fromm_Eric
1982,01,10,1,Stadler_Roland,Bye,Stadler_Roland
1982,01,10,1,Meiler_Karl,Waltke_Trey,Meiler_Karl
1982,01,10,1,GiammalvaJr_Sammy,Bye,GiammalvaJr_Sammy
1982,01,10,1,Doyle_Matt,Pils_Bernhard,Doyle_Matt
1982,01,10,1,Wilkison_Tim,Bye,Wilkison_Tim
1982,01,10,1,Hrebec_Jiri,Mayer_Sandy,Mayer_Sandy
1982,01,10,1,Smid_Tomas,Bye,Smid_Tomas
1982,01,10,1,Mitton_Bernard,Eberhard_Klaus,Mitton_Bernard
1982,01,10,1,Ostoja_Marko,Bye,Ostoja_Marko
1982,01,10,1,Smith_Jonathan,Gimenez_Angel,Smith_Jonathan
1982,01,10,1,Pinner_Ulrich,Lewis_Richard,Lewis_Richard
1982,01,10,1,Zipf_Christoph,Bye,Zipf_Christoph
1982,01,10,1,Potier_Jerome,Bye,Potier_Jerome
1982,01,10,1,Denton_Steve,Glickstein_Shlomo,Glickstein_Shlomo
1982,01,10,1,Gehring_Rolf,Bye,Gehring_Rolf
1982,01,10,1,Kary_Hans,Hutka_Pavel,Kary_Hans
1982,01,10,1,Kandler_HansPeter,Bye,Kandler_HansPeter
1982,01,10,1,Lacek_Miloslav,Birner_Stanislav,Birner_Stanislav
1982,01,10,1,Austin_John,Meister_Steve,Austin_John
1982,01,10,1,Siegler_Dave,Bye,Siegler_Dave
1982,01,10,1,Feigl_Peter,Mayotte_Chris,Feigl_Peter
1982,01,10,1,Bye,Smith_Stan,Smith_Stan
1982,01,10,1,Kirmayr_Carlos,Lapidus_Jay,Kirmayr_Carlos
1982,01,10,1,Bye,Sanders_Louk,Sanders_Louk
1982,01,10,1,Granat_Jiri,Soares_Joao,Granat_Jiri
1982,01,10,1,Bye,Slozil_Pavel,Slozil_Pavel
1982,01,10,1,Saviano_Nick,Bye,Saviano_Nick
1982,01,10,1,Pattison_Andrew,Hayes_John,Pattison_Andrew
1982,01,10,1,Bye,Vines_Mark,Vines_Mark
1982,01,10,1,Martin_Billy,Gottfried_Brian,Gottfried_Brian
1982,01,10,2,Lendl_Ivan,Fromm_Eric,Lendl_Ivan
1982,01,10,2,Stadler_Roland,Meiler_Karl,Stadler_Roland
1982,01,10,2,GiammalvaJr_Sammy,Doyle_Matt,Doyle_Matt
1982,01,10,2,Wilkison_Tim,Mayer_Sandy,Mayer_Sandy
1982,01,10,2,Smid_Tomas,Mitton_Bernard,Smid_Tomas
1982,01,10,2,Ostoja_Marko,Smith_Jonathan,Smith_Jonathan
1982,01,10,2,Lewis_Richard,Zipf_Christoph,Zipf_Christoph
1982,01,10,2,Potier_Jerome,Glickstein_Shlomo,Potier_Jerome
1982,01,10,2,Gehring_Rolf,Kary_Hans,Gehring_Rolf
1982,01,10,2,Kandler_HansPeter,Birner_Stanislav,Birner_Stanislav
1982,01,10,2,Austin_John,Siegler_Dave,Austin_John
1982,01,10,2,Feigl_Peter,Smith_Stan,Smith_Stan
1982,01,10,2,Kirmayr_Carlos,Sanders_Louk,Kirmayr_Carlos
1982,01,10,2,Granat_Jiri,Slozil_Pavel,Slozil_Pavel
1982,01,10,2,Saviano_Nick,Pattison_Andrew,Saviano_Nick
1982,01,10,2,Vines_Mark,Gottfried_Brian,Gottfried_Brian
1982,01,10,3,Lendl_Ivan,Stadler_Roland,Lendl_Ivan
1982,01,10,3,Doyle_Matt,Mayer_Sandy,Mayer_Sandy
1982,01,10,3,Smid_Tomas,Smith_Jonathan,Smid_Tomas
1982,01,10,3,Zipf_Christoph,Potier_Jerome,Potier_Jerome
1982,01,10,3,Gehring_Rolf,Birner_Stanislav,Gehring_Rolf
1982,01,10,3,Austin_John,Smith_Stan,Smith_Stan
1982,01,10,3,Kirmayr_Carlos,Slozil_Pavel,Kirmayr_Carlos
1982,01,10,3,Saviano_Nick,Gottfried_Brian,Gottfried_Brian
1982,01,10,4,Lendl_Ivan,Mayer_Sandy,Lendl_Ivan
1982,01,10,4,Smid_Tomas,Potier_Jerome,Smid_Tomas
1982,01,10,4,Gehring_Rolf,Smith_Stan,Smith_Stan
1982,01,10,4,Kirmayr_Carlos,Gottfried_Brian,Gottfried_Brian
1982,01,10,5,Lendl_Ivan,Smid_Tomas,Lendl_Ivan
1982,01,10,5,Smith_Stan,Gottfried_Brian,Gottfried_Brian
1982,01,10,6,Lendl_Ivan,Gottfried_Brian,Lendl_Ivan
