Rogers Cup
1994,07,31,1,Bruguera_Sergi,Bye,Bruguera_Sergi
1994,07,31,1,Lareau_Sebastien,Grabb_Jim,Grabb_Jim
1994,07,31,1,Chang_Albert,OBrien_Alex,OBrien_Alex
1994,07,31,1,Kokavec_Bobby,Braasch_Karsten,Braasch_Karsten
1994,07,31,1,Rafter_Patrick,Delaitre_Olivier,Delaitre_Olivier
1994,07,31,1,Holm_Henrik,Wheaton_David,Wheaton_David
1994,07,31,1,Rusedski_Greg,Hlasek_Jakob,Hlasek_Jakob
1994,07,31,1,Bye,Agassi_Andre,Agassi_Andre
1994,07,31,1,Chang_Michael,Bye,Chang_Michael
1994,07,31,1,Rikl_David,Bates_Jeremy,Bates_Jeremy
1994,07,31,1,Smith_Roger,Hadad_Mauricio,Smith_Roger
1994,07,31,1,Knowles_Mark,Washington_MaliVai,Washington_MaliVai
1994,07,31,1,Lendl_Ivan,Mattar_Luiz,Lendl_Ivan
1994,07,31,1,Masur_Wally,Connell_Grant,Masur_Wally
1994,07,31,1,Bjorkman_Jonas,Bryan_Steve,Bryan_Steve
1994,07,31,1,Bye,Ferreira_Wayne,Ferreira_Wayne
1994,07,31,1,Korda_Petr,Bye,Korda_Petr
1994,07,31,1,Antonitsch_Alex,Enqvist_Thomas,Enqvist_Thomas
1994,07,31,1,Agenor_Ronald,Steven_Brett,Steven_Brett
1994,07,31,1,Palmer_Jared,Yzaga_Jaime,Yzaga_Jaime
1994,07,31,1,Krickstein_Aaron,Tarango_Jeff,Krickstein_Aaron
1994,07,31,1,Damm_Martin,Adams_Chuck,Adams_Chuck
1994,07,31,1,Weiss_Robbie,Pereira_Nicolas,Pereira_Nicolas
1994,07,31,1,Bye,Courier_Jim,Courier_Jim
1994,07,31,1,Rosset_Marc,Bye,Rosset_Marc
1994,07,31,1,Ladipo_Sule,Stark_Jonathan,Ladipo_Sule
1994,07,31,1,Black_Byron,Stoltenberg_Jason,Stoltenberg_Jason
1994,07,31,1,Nestor_Daniel,Volkov_Alexander,Nestor_Daniel
1994,07,31,1,Reneberg_Richey,McEnroe_Patrick,Reneberg_Richey
1994,07,31,1,Pescosolido_Stefano,Roux_Lionel,Pescosolido_Stefano
1994,07,31,1,Stafford_Grant,Mansdorf_Amos,Mansdorf_Amos
1994,07,31,1,Bye,Martin_Todd,Martin_Todd
1994,07,31,2,Bruguera_Sergi,Grabb_Jim,Bruguera_Sergi
1994,07,31,2,OBrien_Alex,Braasch_Karsten,Braasch_Karsten
1994,07,31,2,Delaitre_Olivier,Wheaton_David,Wheaton_David
1994,07,31,2,Hlasek_Jakob,Agassi_Andre,Agassi_Andre
1994,07,31,2,Chang_Michael,Bates_Jeremy,Chang_Michael
1994,07,31,2,Smith_Roger,Washington_MaliVai,Washington_MaliVai
1994,07,31,2,Lendl_Ivan,Masur_Wally,Lendl_Ivan
1994,07,31,2,Bryan_Steve,Ferreira_Wayne,Ferreira_Wayne
1994,07,31,2,Korda_Petr,Enqvist_Thomas,Enqvist_Thomas
1994,07,31,2,Steven_Brett,Yzaga_Jaime,Yzaga_Jaime
1994,07,31,2,Krickstein_Aaron,Adams_Chuck,Adams_Chuck
1994,07,31,2,Pereira_Nicolas,Courier_Jim,Courier_Jim
1994,07,31,2,Rosset_Marc,Ladipo_Sule,Rosset_Marc
1994,07,31,2,Stoltenberg_Jason,Nestor_Daniel,Stoltenberg_Jason
1994,07,31,2,Reneberg_Richey,Pescosolido_Stefano,Reneberg_Richey
1994,07,31,2,Mansdorf_Amos,Martin_Todd,Mansdorf_Amos
1994,07,31,3,Bruguera_Sergi,Braasch_Karsten,Bruguera_Sergi
1994,07,31,3,Wheaton_David,Agassi_Andre,Agassi_Andre
1994,07,31,3,Chang_Michael,Washington_MaliVai,Washington_MaliVai
1994,07,31,3,Lendl_Ivan,Ferreira_Wayne,Ferreira_Wayne
1994,07,31,3,Enqvist_Thomas,Yzaga_Jaime,Enqvist_Thomas
1994,07,31,3,Adams_Chuck,Courier_Jim,Courier_Jim
1994,07,31,3,Rosset_Marc,Stoltenberg_Jason,Stoltenberg_Jason
1994,07,31,3,Reneberg_Richey,Mansdorf_Amos,Reneberg_Richey
1994,07,31,4,Bruguera_Sergi,Agassi_Andre,Agassi_Andre
1994,07,31,4,Washington_MaliVai,Ferreira_Wayne,Ferreira_Wayne
1994,07,31,4,Enqvist_Thomas,Courier_Jim,Courier_Jim
1994,07,31,4,Stoltenberg_Jason,Reneberg_Richey,Stoltenberg_Jason
1994,07,31,5,Agassi_Andre,Ferreira_Wayne,Agassi_Andre
1994,07,31,5,Courier_Jim,Stoltenberg_Jason,Stoltenberg_Jason
1994,07,31,6,Agassi_Andre,Stoltenberg_Jason,Agassi_Andre
