Hall of Fame Tennis Championships
2002,07,14,1,Blake_James,Trifu_Gabriel,Blake_James
2002,07,14,1,Massa_Edgardo,Fukarek_Ota,Fukarek_Ota
2002,07,14,1,Gimelstob_Justin,Ellwood_Ben,Gimelstob_Justin
2002,07,14,1,Erlich_Jonathan,Melzer_Jurgen,Erlich_Jonathan
2002,07,14,1,Knowle_Julian,VassalloArguello_Martin,Knowle_Julian
2002,07,14,1,Allegro_Yves,Fish_Mardy,Fish_Mardy
2002,07,14,1,Norman_Dick,Vahaly_Brian,Vahaly_Brian
2002,07,14,1,Delgado_Jamie,Llodra_Michael,Llodra_Michael
2002,07,14,1,Popp_Alexander,Pretzsch_Axel,Popp_Alexander
2002,07,14,1,Kohlmann_Michael,Simoni_Alexandre,Kohlmann_Michael
2002,07,14,1,Dent_Taylor,Ancic_Mario,Dent_Taylor
2002,07,14,1,Godwin_Neville,Morrison_Jeff,Morrison_Jeff
2002,07,14,1,Mamiit_Cecil,Ginepri_Robby,Ginepri_Robby
2002,07,14,1,Kennedy_Adam,Okun_Noam,Okun_Noam
2002,07,14,1,Kim_Alex,Blake_Thomas,Blake_Thomas
2002,07,14,1,Lee_Martin,Arthurs_Wayne,Lee_Martin
2002,07,14,2,Blake_James,Fukarek_Ota,Blake_James
2002,07,14,2,Gimelstob_Justin,Erlich_Jonathan,Gimelstob_Justin
2002,07,14,2,Knowle_Julian,Fish_Mardy,Fish_Mardy
2002,07,14,2,Vahaly_Brian,Llodra_Michael,Llodra_Michael
2002,07,14,2,Popp_Alexander,Kohlmann_Michael,Popp_Alexander
2002,07,14,2,Dent_Taylor,Morrison_Jeff,Dent_Taylor
2002,07,14,2,Ginepri_Robby,Okun_Noam,Ginepri_Robby
2002,07,14,2,Blake_Thomas,Lee_Martin,Lee_Martin
2002,07,14,3,Blake_James,Gimelstob_Justin,Blake_James
2002,07,14,3,Fish_Mardy,Llodra_Michael,Llodra_Michael
2002,07,14,3,Popp_Alexander,Dent_Taylor,Dent_Taylor
2002,07,14,3,Ginepri_Robby,Lee_Martin,Ginepri_Robby
2002,07,14,4,Blake_James,Llodra_Michael,Blake_James
2002,07,14,4,Dent_Taylor,Ginepri_Robby,Dent_Taylor
2002,07,14,5,Blake_James,Dent_Taylor,Dent_Taylor
