Hall of Fame Tennis Championships
1992,07,12,1,Wheaton_David,Pugh_Jim,Wheaton_David
1992,07,12,1,Lundgren_Peter,MacPhie_Brian,MacPhie_Brian
1992,07,12,1,Borwick_Neil,Rikl_David,Borwick_Neil
1992,07,12,1,Saceanu_Christian,Herrera_Luis,Herrera_Luis
1992,07,12,1,VanRensburg_Christo,Hogstedt_Thomas,VanRensburg_Christo
1992,07,12,1,Montana_Francisco,Weiss_Robbie,Weiss_Robbie
1992,07,12,1,Black_Byron,Martin_Todd,Martin_Todd
1992,07,12,1,Antonitsch_Alex,Schapers_Michiel,Antonitsch_Alex
1992,07,12,1,Shelton_Bryan,Bates_Jeremy,Shelton_Bryan
1992,07,12,1,Thoms_Arne,Kuhnen_Patrik,Thoms_Arne
1992,07,12,1,OBrien_Alex,Stark_Jonathan,Stark_Jonathan
1992,07,12,1,Bloom_Gilad,Zoecke_Markus,Bloom_Gilad
1992,07,12,1,Youl_Simon,Witt_David,Youl_Simon
1992,07,12,1,Frana_Javier,Muller_Gary,Frana_Javier
1992,07,12,1,Stolle_Sandon,Raoux_Guillaume,Stolle_Sandon
1992,07,12,1,Braasch_Karsten,Pozzi_Gianluca,Pozzi_Gianluca
1992,07,12,2,Wheaton_David,MacPhie_Brian,MacPhie_Brian
1992,07,12,2,Borwick_Neil,Herrera_Luis,Borwick_Neil
1992,07,12,2,VanRensburg_Christo,Weiss_Robbie,VanRensburg_Christo
1992,07,12,2,Martin_Todd,Antonitsch_Alex,Antonitsch_Alex
1992,07,12,2,Shelton_Bryan,Thoms_Arne,Shelton_Bryan
1992,07,12,2,Stark_Jonathan,Bloom_Gilad,Stark_Jonathan
1992,07,12,2,Youl_Simon,Frana_Javier,Frana_Javier
1992,07,12,2,Stolle_Sandon,Pozzi_Gianluca,Stolle_Sandon
1992,07,12,3,MacPhie_Brian,Borwick_Neil,Borwick_Neil
1992,07,12,3,VanRensburg_Christo,Antonitsch_Alex,Antonitsch_Alex
1992,07,12,3,Shelton_Bryan,Stark_Jonathan,Shelton_Bryan
1992,07,12,3,Frana_Javier,Stolle_Sandon,Frana_Javier
1992,07,12,4,Borwick_Neil,Antonitsch_Alex,Antonitsch_Alex
1992,07,12,4,Shelton_Bryan,Frana_Javier,Shelton_Bryan
1992,07,12,5,Antonitsch_Alex,Shelton_Bryan,Shelton_Bryan
