Apia International Sydney
1984,01,01,1,Gerulaitis_Vitas,Lloyd_John,Lloyd_John
1984,01,01,1,Miller_CraigA,Derlin_Bruce,Derlin_Bruce
1984,01,01,1,Giammalva_Tony,Davis_Marty,Davis_Marty
1984,01,01,1,VanBoeckel_Huub,Korita_Eric,Korita_Eric
1984,01,01,1,Gullikson_Tom,Johnstone_Chris,Gullikson_Tom
1984,01,01,1,Dyke_Broderick,Johnston_Peter,Dyke_Broderick
1984,01,01,1,Gurfein_Jim,Evernden_Kelly,Gurfein_Jim
1984,01,01,1,DePalmer_Mike,McNamee_Paul,McNamee_Paul
1984,01,01,1,Jarryd_Anders,Kratzmann_Mark,Jarryd_Anders
1984,01,01,1,Holmes_Greg,Leach_Mike,Leach_Mike
1984,01,01,1,MecirSr_Miloslav,Simpson_Russell,MecirSr_Miloslav
1984,01,01,1,Fancutt_Charlie,Edberg_Stefan,Edberg_Stefan
1984,01,01,1,Alexander_John,Pate_David,Pate_David
1984,01,01,1,Mitchell_Matt,Frawley_John,Mitchell_Matt
1984,01,01,1,Bauer_Mike,Odizor_Nduka,Bauer_Mike
1984,01,01,1,Kuharszky_Zoltan,Fleming_Peter,Kuharszky_Zoltan
1984,01,01,1,Cash_Pat,Youl_Simon,Cash_Pat
1984,01,01,1,Testerman_Ben,Frawley_Rod,Testerman_Ben
1984,01,01,1,Masur_Wally,Drewett_Brad,Masur_Wally
1984,01,01,1,Dickson_Mark,Edmondson_Mark,Dickson_Mark
1984,01,01,1,Hooper_Chip,Stefanki_Larry,Hooper_Chip
1984,01,01,1,Bourne_Lloyd,Tyson_Desmond,Bourne_Lloyd
1984,01,01,1,Andrews_Andy,Feigl_Peter,Feigl_Peter
1984,01,01,1,Borowiak_Jeff,Sundstrom_Henrik,Sundstrom_Henrik
1984,01,01,1,Fitzgerald_John,Dowlen_David,Fitzgerald_John
1984,01,01,1,Macpherson_David,Seguso_Robert,Seguso_Robert
1984,01,01,1,Freeman_Marcel,McCurdy_John,Freeman_Marcel
1984,01,01,1,Krishnan_Ramesh,Gullikson_Tim,Gullikson_Tim
1984,01,01,1,Nystrom_Joakim,Simonsson_Hans,Nystrom_Joakim
1984,01,01,1,Gitlin_Drew,Mustard_David,Gitlin_Drew
1984,01,01,1,Gehring_Rolf,Hocevar_Marcos,Hocevar_Marcos
1984,01,01,1,Anger_Matt,Smid_Tomas,Smid_Tomas
1984,01,01,2,Lloyd_John,Derlin_Bruce,Derlin_Bruce
1984,01,01,2,Davis_Marty,Korita_Eric,Davis_Marty
1984,01,01,2,Gullikson_Tom,Dyke_Broderick,Dyke_Broderick
1984,01,01,2,Gurfein_Jim,McNamee_Paul,McNamee_Paul
1984,01,01,2,Jarryd_Anders,Leach_Mike,Jarryd_Anders
1984,01,01,2,MecirSr_Miloslav,Edberg_Stefan,MecirSr_Miloslav
1984,01,01,2,Pate_David,Mitchell_Matt,Pate_David
1984,01,01,2,Bauer_Mike,Kuharszky_Zoltan,Bauer_Mike
1984,01,01,2,Cash_Pat,Testerman_Ben,Cash_Pat
1984,01,01,2,Masur_Wally,Dickson_Mark,Masur_Wally
1984,01,01,2,Hooper_Chip,Bourne_Lloyd,Bourne_Lloyd
1984,01,01,2,Feigl_Peter,Sundstrom_Henrik,Feigl_Peter
1984,01,01,2,Fitzgerald_John,Seguso_Robert,Seguso_Robert
1984,01,01,2,Freeman_Marcel,Gullikson_Tim,Gullikson_Tim
1984,01,01,2,Nystrom_Joakim,Gitlin_Drew,Nystrom_Joakim
1984,01,01,2,Hocevar_Marcos,Smid_Tomas,Smid_Tomas
1984,01,01,3,Derlin_Bruce,Davis_Marty,Davis_Marty
1984,01,01,3,Dyke_Broderick,McNamee_Paul,Dyke_Broderick
1984,01,01,3,Jarryd_Anders,MecirSr_Miloslav,Jarryd_Anders
1984,01,01,3,Pate_David,Bauer_Mike,Bauer_Mike
1984,01,01,3,Cash_Pat,Masur_Wally,Cash_Pat
1984,01,01,3,Bourne_Lloyd,Feigl_Peter,Bourne_Lloyd
1984,01,01,3,Seguso_Robert,Gullikson_Tim,Seguso_Robert
1984,01,01,3,Nystrom_Joakim,Smid_Tomas,Nystrom_Joakim
1984,01,01,4,Davis_Marty,Dyke_Broderick,Davis_Marty
1984,01,01,4,Jarryd_Anders,Bauer_Mike,Bauer_Mike
1984,01,01,4,Cash_Pat,Bourne_Lloyd,Cash_Pat
1984,01,01,4,Seguso_Robert,Nystrom_Joakim,Nystrom_Joakim
1984,01,01,5,Davis_Marty,Bauer_Mike,Bauer_Mike
1984,01,01,5,Cash_Pat,Nystrom_Joakim,Nystrom_Joakim
1984,01,01,6,Bauer_Mike,Nystrom_Joakim,Nystrom_Joakim
