Wimbledon,1,1975,06,01,1,Connors_Jimmy,Lloyd_John,Connors_Jimmy
Wimbledon,1,1975,06,01,1,Amritraj_Vijay,PhillipsMoore_Barry,Amritraj_Vijay
Wimbledon,1,1975,06,01,1,Tiriac_Ion,Cox_Mark,Cox_Mark
Wimbledon,1,1975,06,01,1,Fawcett_Anthony,LoyoMayo_Joaquin,LoyoMayo_Joaquin
Wimbledon,1,1975,06,01,1,Gerulaitis_Vitas,Ruffels_Ray,Ruffels_Ray
Wimbledon,1,1975,06,01,1,Mitton_Bernard,Molina_Ivan,Mitton_Bernard
Wimbledon,1,1975,06,01,1,Brown_William,Crealy_Dick,Crealy_Dick
Wimbledon,1,1975,06,01,1,Dent_Phil,Pisecky_Jan,Dent_Phil
Wimbledon,1,1975,06,01,1,Ramirez_Raul,Spear_Nicola,Ramirez_Raul
Wimbledon,1,1975,06,01,1,Stone_Allan,Borowiak_Jeff,Borowiak_Jeff
Wimbledon,1,1975,06,01,1,Gorman_Tom,El_Shafei_Ismail,El_Shafei_Ismail
Wimbledon,1,1975,06,01,1,Panatta_Adriano,Alvarez_Elio_Lito,Panatta_Adriano
Wimbledon,1,1975,06,01,1,Kodes_Jan,Goven_Georges,Kodes_Jan
Wimbledon,1,1975,06,01,1,Masters_Geoff,Holladay_John,Masters_Geoff
Wimbledon,1,1975,06,01,1,Dowdeswell_Colin,Richey_Cliff,Richey_Cliff
Wimbledon,1,1975,06,01,1,Taroczy_Balazs,Robinson_Martin,Taroczy_Balazs
Wimbledon,1,1975,06,01,1,Vilas_Guillermo,Simpson_Russell,Vilas_Guillermo
Wimbledon,1,1975,06,01,1,Moore_Raymond,Yuill_John,Moore_Raymond
Wimbledon,1,1975,06,01,1,Pinner_Ulrich,Cornejo_Patricio,Pinner_Ulrich
Wimbledon,1,1975,06,01,1,Austin_Jeff,Paish_John,Austin_Jeff
Wimbledon,1,1975,06,01,1,Parun_Onny,Fraser_Neale,Parun_Onny
Wimbledon,1,1975,06,01,1,Andrews_John,Svensson_Tenny,Svensson_Tenny
Wimbledon,1,1975,06,01,1,Mayer_Sandy,Gardiner_Alvin,Mayer_Sandy
Wimbledon,1,1975,06,01,1,McNamara_Peter,Edmondson_Mark,Edmondson_Mark
Wimbledon,1,1975,06,01,1,Nastase_Ilie,Kakoulia_Teimuraz,Nastase_Ilie
Wimbledon,1,1975,06,01,1,Meiler_Karl,Stewart_Sherwood,Stewart_Sherwood
Wimbledon,1,1975,06,01,1,Estep_Mike,Crawford_Doug,Estep_Mike
Wimbledon,1,1975,06,01,1,Dell_Dick,Drysdale_Robin,Drysdale_Robin
Wimbledon,1,1975,06,01,1,Tanner_Roscoe,Lutz_Robert,Tanner_Roscoe
Wimbledon,1,1975,06,01,1,Farrell_Mark,Pecci_Sr_Victor,Pecci_Sr_Victor
Wimbledon,1,1975,06,01,1,Fassbender_Jurgen,Kary_Hans,Fassbender_Jurgen
Wimbledon,1,1975,06,01,1,Mignot_Bernard,Owens_Charles,Owens_Charles
Wimbledon,1,1975,06,01,1,Battrick_Gerald,Stilwell_Graham,Stilwell_Graham
Wimbledon,1,1975,06,01,1,Reid_Grover_Raz,McMillan_Frew,Reid_Grover_Raz
Wimbledon,1,1975,06,01,1,Kronk_Paul,Pohmann_HansJurgen,Kronk_Paul
Wimbledon,1,1975,06,01,1,Kuki_Jun,Alexander_John,Alexander_John
Wimbledon,1,1975,06,01,1,Kirmayr_Carlos,Velasco_Sr_Jairo,Kirmayr_Carlos
Wimbledon,1,1975,06,01,1,Gottfried_Brian,Lewis_Richard,Gottfried_Brian
Wimbledon,1,1975,06,01,1,Kamiwazumi_Jun,Van_Dillen_Erik,Kamiwazumi_Jun
Wimbledon,1,1975,06,01,1,Hewitt_Bob,Ashe_Arthur,Ashe_Arthur
Wimbledon,1,1975,06,01,1,Pasarell_Charlie,Blocher_Woody,Pasarell_Charlie
Wimbledon,1,1975,06,01,1,Gerken_Paul,Mandarino_Jose_Edison,Gerken_Paul
Wimbledon,1,1975,06,01,1,Waltke_Trey,Dibley_Colin,Dibley_Colin
Wimbledon,1,1975,06,01,1,Proisy_Patrick,Riessen_Marty,Riessen_Marty
Wimbledon,1,1975,06,01,1,Fibak_Wojtek,Mukerjea_Chiradip,Mukerjea_Chiradip
Wimbledon,1,1975,06,01,1,Fillol_Sr_Jaime,Taylor_Roger,Fillol_Sr_Jaime
Wimbledon,1,1975,06,01,1,Elschenbroich_Harald,Holecek_Milan,Holecek_Milan
Wimbledon,1,1975,06,01,1,Andrew_Jorge,Borg_Bjorn,Borg_Bjorn
Wimbledon,1,1975,06,01,1,Fisher_Rick,Dominguez_Patrice,Dominguez_Patrice
Wimbledon,1,1975,06,01,1,Carmichael_Bob,Warwick_Kim,Warwick_Kim
Wimbledon,1,1975,06,01,1,Zugarelli_Antonio,Rahim_Haroon,Rahim_Haroon
Wimbledon,1,1975,06,01,1,Pilic_Nikola,Okker_Tom,Okker_Tom
Wimbledon,1,1975,06,01,1,Thung_Rolf,Caujolle_JeanFrancois,Caujolle_JeanFrancois
Wimbledon,1,1975,06,01,1,Metreveli_Alex,Amritraj_Anand,Metreveli_Alex
Wimbledon,1,1975,06,01,1,Pattison_Andrew,Koch_Thomas,Pattison_Andrew
Wimbledon,1,1975,06,01,1,Bertram_Byron,Smith_Stan,Bertram_Byron
Wimbledon,1,1975,06,01,1,Krulevitz_Steve,McNair_IV_Fred,McNair_IV_Fred
Wimbledon,1,1975,06,01,1,Kreiss_Robert,Case_Ross,Case_Ross
Wimbledon,1,1975,06,01,1,James_John,Ganzabal_Julian,Ganzabal_Julian
Wimbledon,1,1975,06,01,1,Hrebec_Jiri,Roche_Tony,Roche_Tony
Wimbledon,1,1975,06,01,1,Ball_Syd,Hose_Humphrey,Hose_Humphrey
Wimbledon,1,1975,06,01,1,Vazquez_Modesto_Tito,Andersson_Birger,Andersson_Birger
Wimbledon,1,1975,06,01,1,Lara_Marcelo,Feaver_John,Feaver_John
Wimbledon,1,1975,06,01,1,Barazzutti_Corrado,Rosewall_Ken,Rosewall_Ken
Wimbledon,1,1975,06,01,2,Connors_Jimmy,Amritraj_Vijay,Connors_Jimmy
Wimbledon,1,1975,06,01,2,Cox_Mark,LoyoMayo_Joaquin,Cox_Mark
Wimbledon,1,1975,06,01,2,Ruffels_Ray,Mitton_Bernard,Mitton_Bernard
Wimbledon,1,1975,06,01,2,Crealy_Dick,Dent_Phil,Dent_Phil
Wimbledon,1,1975,06,01,2,Ramirez_Raul,Borowiak_Jeff,Ramirez_Raul
Wimbledon,1,1975,06,01,2,El_Shafei_Ismail,Panatta_Adriano,Panatta_Adriano
Wimbledon,1,1975,06,01,2,Kodes_Jan,Masters_Geoff,Masters_Geoff
Wimbledon,1,1975,06,01,2,Richey_Cliff,Taroczy_Balazs,Richey_Cliff
Wimbledon,1,1975,06,01,2,Vilas_Guillermo,Moore_Raymond,Vilas_Guillermo
Wimbledon,1,1975,06,01,2,Pinner_Ulrich,Austin_Jeff,Pinner_Ulrich
Wimbledon,1,1975,06,01,2,Parun_Onny,Svensson_Tenny,Parun_Onny
Wimbledon,1,1975,06,01,2,Mayer_Sandy,Edmondson_Mark,Mayer_Sandy
Wimbledon,1,1975,06,01,2,Nastase_Ilie,Stewart_Sherwood,Stewart_Sherwood
Wimbledon,1,1975,06,01,2,Estep_Mike,Drysdale_Robin,Estep_Mike
Wimbledon,1,1975,06,01,2,Tanner_Roscoe,Pecci_Sr_Victor,Tanner_Roscoe
Wimbledon,1,1975,06,01,2,Fassbender_Jurgen,Owens_Charles,Owens_Charles
Wimbledon,1,1975,06,01,2,Stilwell_Graham,Reid_Grover_Raz,Stilwell_Graham
Wimbledon,1,1975,06,01,2,Kronk_Paul,Alexander_John,Kronk_Paul
Wimbledon,1,1975,06,01,2,Kirmayr_Carlos,Gottfried_Brian,Gottfried_Brian
Wimbledon,1,1975,06,01,2,Kamiwazumi_Jun,Ashe_Arthur,Ashe_Arthur
Wimbledon,1,1975,06,01,2,Pasarell_Charlie,Gerken_Paul,Pasarell_Charlie
Wimbledon,1,1975,06,01,2,Dibley_Colin,Riessen_Marty,Riessen_Marty
Wimbledon,1,1975,06,01,2,Mukerjea_Chiradip,Fillol_Sr_Jaime,Fillol_Sr_Jaime
Wimbledon,1,1975,06,01,2,Holecek_Milan,Borg_Bjorn,Borg_Bjorn
Wimbledon,1,1975,06,01,2,Dominguez_Patrice,Warwick_Kim,Warwick_Kim
Wimbledon,1,1975,06,01,2,Rahim_Haroon,Okker_Tom,Okker_Tom
Wimbledon,1,1975,06,01,2,Caujolle_JeanFrancois,Metreveli_Alex,Metreveli_Alex
Wimbledon,1,1975,06,01,2,Pattison_Andrew,Bertram_Byron,Pattison_Andrew
Wimbledon,1,1975,06,01,2,McNair_IV_Fred,Case_Ross,Case_Ross
Wimbledon,1,1975,06,01,2,Ganzabal_Julian,Roche_Tony,Roche_Tony
Wimbledon,1,1975,06,01,2,Hose_Humphrey,Andersson_Birger,Andersson_Birger
Wimbledon,1,1975,06,01,2,Feaver_John,Rosewall_Ken,Rosewall_Ken
Wimbledon,1,1975,06,01,3,Connors_Jimmy,Cox_Mark,Connors_Jimmy
Wimbledon,1,1975,06,01,3,Mitton_Bernard,Dent_Phil,Dent_Phil
Wimbledon,1,1975,06,01,3,Ramirez_Raul,Panatta_Adriano,Ramirez_Raul
Wimbledon,1,1975,06,01,3,Masters_Geoff,Richey_Cliff,Richey_Cliff
Wimbledon,1,1975,06,01,3,Vilas_Guillermo,Pinner_Ulrich,Vilas_Guillermo
Wimbledon,1,1975,06,01,3,Parun_Onny,Mayer_Sandy,Mayer_Sandy
Wimbledon,1,1975,06,01,3,Stewart_Sherwood,Estep_Mike,Estep_Mike
Wimbledon,1,1975,06,01,3,Tanner_Roscoe,Owens_Charles,Tanner_Roscoe
Wimbledon,1,1975,06,01,3,Stilwell_Graham,Kronk_Paul,Stilwell_Graham
Wimbledon,1,1975,06,01,3,Gottfried_Brian,Ashe_Arthur,Ashe_Arthur
Wimbledon,1,1975,06,01,3,Pasarell_Charlie,Riessen_Marty,Riessen_Marty
Wimbledon,1,1975,06,01,3,Fillol_Sr_Jaime,Borg_Bjorn,Borg_Bjorn
Wimbledon,1,1975,06,01,3,Warwick_Kim,Okker_Tom,Okker_Tom
Wimbledon,1,1975,06,01,3,Metreveli_Alex,Pattison_Andrew,Metreveli_Alex
Wimbledon,1,1975,06,01,3,Case_Ross,Roche_Tony,Roche_Tony
Wimbledon,1,1975,06,01,3,Andersson_Birger,Rosewall_Ken,Rosewall_Ken
Wimbledon,1,1975,06,01,4,Connors_Jimmy,Dent_Phil,Connors_Jimmy
Wimbledon,1,1975,06,01,4,Ramirez_Raul,Richey_Cliff,Ramirez_Raul
Wimbledon,1,1975,06,01,4,Vilas_Guillermo,Mayer_Sandy,Vilas_Guillermo
Wimbledon,1,1975,06,01,4,Estep_Mike,Tanner_Roscoe,Tanner_Roscoe
Wimbledon,1,1975,06,01,4,Stilwell_Graham,Ashe_Arthur,Ashe_Arthur
Wimbledon,1,1975,06,01,4,Riessen_Marty,Borg_Bjorn,Borg_Bjorn
Wimbledon,1,1975,06,01,4,Okker_Tom,Metreveli_Alex,Okker_Tom
Wimbledon,1,1975,06,01,4,Roche_Tony,Rosewall_Ken,Roche_Tony
Wimbledon,1,1975,06,01,5,Connors_Jimmy,Ramirez_Raul,Connors_Jimmy
Wimbledon,1,1975,06,01,5,Vilas_Guillermo,Tanner_Roscoe,Tanner_Roscoe
Wimbledon,1,1975,06,01,5,Ashe_Arthur,Borg_Bjorn,Ashe_Arthur
Wimbledon,1,1975,06,01,5,Okker_Tom,Roche_Tony,Roche_Tony
Wimbledon,1,1975,06,01,6,Connors_Jimmy,Tanner_Roscoe,Connors_Jimmy
Wimbledon,1,1975,06,01,6,Ashe_Arthur,Roche_Tony,Ashe_Arthur
Wimbledon,1,1975,06,01,7,Connors_Jimmy,Ashe_Arthur,Ashe_Arthur
